testPostId,trainPostId,TitleSim,BodySim,TagSim,LuceneHitRank,ProposedHitRank,lucene_hit_duration,Proposed_hit_duration,,,,,lucenehit
61979426,61993479,0,0,0,1,0,0.38,0,,,,,1
32857212,61760349,0,0,0,11,0,0.161,0,,,,,11
58550163,58777915,0,0,0,725,0,0.262,0,,,,,725
31063959,31125693,0,0,0,461,0,0.08,0,,,,,461
30946374,31050787,0,0,0,6824,0,0.333,0,,,,,6824
30983013,31038636,0,0,0,4,0,0.101,0,,,,,4
30470895,-100,0,0,0,-100,0,0.181,0,,,,,4
37944197,41030477,0,0,0,4,0,0.08,0,,,,,35
25934752,-100,0,0,0,-100,0,0.161,0,,,,,1
30918550,-100,0,0,0,-100,0,0.194,0,,,,,1135
25946047,-100,0,0,0,-100,0,0.101,0,,,,,1
25587773,41171676,0,0,0,35,0,0.031,0,,,,,1
30778718,-100,0,0,0,-100,0,0.131,0,,,,,1475
58756264,58761704,0,0,0,1,0,0.022,0,,,,,71
23839142,41157332,0,0,0,1135,0,0.047,0,,,,,208
30719243,-100,0,0,0,-100,0,0.085,0,,,,,103
30652116,-100,0,0,0,-100,0,0.116,0,,,,,5879
30600958,-100,0,0,0,-100,0,0.1,0,,,,,82
18257642,29454883,0,0,0,1,0,0.032,0,,,,,1299
30460410,30560689,0,0,0,1,0,0.048,0,,,,,1
30540644,30541130,0,0,0,1475,0,0.122,0,,,,,1
30441657,48902732,0,0,0,71,0,0.101,0,,,,,1
30406560,-100,0,0,0,-100,0,0.201,0,,,,,662
51902438,58899541,0,0,0,208,0,0.03,0,,,,,1
28628384,-100,0,0,0,-100,0,0.091,0,,,,,1200
40901445,-100,0,0,0,-100,0,0.134,0,,,,,1
38109501,39337862,0,0,0,103,0,0.032,0,,,,,237
36571864,38601794,0,0,0,5879,0,0.1,0,,,,,4399
33048097,44318860,0,0,0,82,0,0.031,0,,,,,124
30113308,30115455,0,0,0,1299,0,0.053,0,,,,,4
30064401,30065418,0,0,0,1,0,0.047,0,,,,,378
30060278,39418783,0,0,0,1,0,0.037,0,,,,,10
30048642,30051162,0,0,0,1,0,0.031,0,,,,,1
58685422,58689515,0,0,0,662,0,0.032,0,,,,,2594
29648127,29991606,0,0,0,1,0,0.037,0,,,,,2906
29981195,-100,0,0,0,-100,0,0.147,0,,,,,1
29957669,42564379,0,0,0,1200,0,0.038,0,,,,,57
29948919,29954519,0,0,0,1,0,0.047,0,,,,,1306
29902891,29905071,0,0,0,237,0,0.053,0,,,,,68
29827948,29892116,0,0,0,4399,0,0.079,0,,,,,97
29833571,29834397,0,0,0,124,0,0.037,0,,,,,371
29793398,50070741,0,0,0,4,0,0.032,0,,,,,1310
19214914,-100,0,0,0,-100,0,0.116,0,,,,,1338
29775461,48774624,0,0,0,378,0,0.031,0,,,,,72
58677247,58793147,0,0,0,10,0,0.038,0,,,,,681
25791018,29686198,0,0,0,1,0,0.031,0,,,,,1
29583849,42723141,0,0,0,2594,0,0.053,0,,,,,1
29669292,29669891,0,0,0,2906,0,0.047,0,,,,,62
19895107,34539408,0,0,0,1,0,0.022,0,,,,,5
29624895,29629049,0,0,0,57,0,0.031,0,,,,,5781
29500139,29550681,0,0,0,1306,0,0.047,0,,,,,1678
29529021,29543785,0,0,0,68,0,0.021,0,,,,,1
29504327,29547506,0,0,0,97,0,0.031,0,,,,,1844
25330753,41551216,0,0,0,371,0,0.047,0,,,,,2475
58648886,-100,0,0,0,-100,0,0.122,0,,,,,1168
29399820,29423270,0,0,0,1310,0,0.047,0,,,,,69
27326929,29376031,0,0,0,1338,0,0.047,0,,,,,6421
29360182,29361182,0,0,0,72,0,0.031,0,,,,,109
16201906,43896337,0,0,0,681,0,0.031,0,,,,,6423
39262534,-100,0,0,0,-100,0,0.154,0,,,,,1
5807766,29317192,0,0,0,1,0,0.016,0,,,,,2
29233480,29240134,0,0,0,1,0,0.031,0,,,,,4
19474552,29235114,0,0,0,62,0,0.038,0,,,,,922
29174774,29286588,0,0,0,5,0,0.031,0,,,,,6424
58611777,58613149,0,0,0,5781,0,0.069,0,,,,,5690
23588127,43478980,0,0,0,1678,0,0.062,0,,,,,5
29125609,-100,0,0,0,-100,0,0.116,0,,,,,3865
29102155,-100,0,0,0,-100,0,0.1,0,,,,,1
29009261,29012008,0,0,0,1,0,0.038,0,,,,,6
28964929,28988004,0,0,0,1844,0,0.062,0,,,,,630
28624592,-100,0,0,0,-100,0,0.185,0,,,,,9
15960129,28789767,0,0,0,2475,0,0.054,0,,,,,78
28771018,31162332,0,0,0,1168,0,0.062,0,,,,,1
28725115,28730387,0,0,0,69,0,0.022,0,,,,,186
20637248,34609967,0,0,0,6421,0,0.132,0,,,,,3735
58593824,58595096,0,0,0,109,0,0.031,0,,,,,3724
28605657,28656683,0,0,0,6423,0,0.085,0,,,,,377
28570289,28611858,0,0,0,1,0,0.031,0,,,,,1
28574757,-100,0,0,0,-100,0,0.116,0,,,,,1
23217681,24542583,0,0,0,2,0,0.022,0,,,,,6974
28529823,28532172,0,0,0,4,0,0.031,0,,,,,402
10306474,-100,0,0,0,-100,0,0.1,0,,,,,796
28436855,31961170,0,0,0,922,0,0.054,0,,,,,1
28461220,28474903,0,0,0,6424,0,0.116,0,,,,,6428
28370249,41324398,0,0,0,5690,0,0.1,0,,,,,1
28360148,31675416,0,0,0,5,0,0.031,0,,,,,42
58551389,58560859,0,0,0,3865,0,0.085,0,,,,,65
27367914,-100,0,0,0,-100,0,0.131,0,,,,,2
28306604,28332566,0,0,0,1,0,0.038,0,,,,,1
28006813,28213620,0,0,0,6,0,0.016,0,,,,,1
10207564,28190868,0,0,0,630,0,0.031,0,,,,,6669
12840294,-100,0,0,0,-100,0,0.1,0,,,,,4690
28159936,28162445,0,0,0,9,0,0.015,0,,,,,13
20561190,28096239,0,0,0,78,0,0.023,0,,,,,8
58531982,58542413,0,0,0,1,0,0.031,0,,,,,1
45201654,-100,0,0,0,-100,0,0.1,0,,,,,198
14268814,-100,0,0,0,-100,0,0.132,0,,,,,14
20343611,-100,0,0,0,-100,0,0.116,0,,,,,1
11121385,-100,0,0,0,-100,0,0.122,0,,,,,119
27866705,27874548,0,0,0,186,0,0.031,0,,,,,1561
8854046,15285089,0,0,0,3735,0,0.084,0,,,,,5686
10966109,31822873,0,0,0,3724,0,0.079,0,,,,,8
27727590,30330104,0,0,0,377,0,0.022,0,,,,,4
26403919,27672134,0,0,0,1,0,0.062,0,,,,,37
61649029,-100,0,0,0,-100,0,0.123,0,,,,,68
58516071,58524163,0,0,0,1,0,0.031,0,,,,,15
27650331,27651004,0,0,0,6974,0,0.1,0,,,,,16
22329685,-100,0,0,0,-100,0,0.116,0,,,,,7299
27606380,-100,0,0,0,-100,0,0.116,0,,,,,3
27583767,61200536,0,0,0,402,0,0.038,0,,,,,622
27552810,27564299,0,0,0,796,0,0.047,0,,,,,9
27496127,-100,0,0,0,-100,0,0.084,0,,,,,267
27545423,-100,0,0,0,-100,0,0.142,0,,,,,9
56555281,58505386,0,0,0,1,0,0.038,0,,,,,1
27478028,27538732,0,0,0,6428,0,0.1,0,,,,,253
27497068,27507448,0,0,0,1,0,0.032,0,,,,,17
27454265,39513837,0,0,0,42,0,0.053,0,,,,,8824
15162741,-100,0,0,0,-100,0,0.078,0,,,,,1
19404270,43095645,0,0,0,65,0,0.022,0,,,,,5877
10421668,27312597,0,0,0,2,0,0.031,0,,,,,10
27282915,27296088,0,0,0,1,0,0.016,0,,,,,349
27264266,27296022,0,0,0,1,0,0.031,0,,,,,4467
27210745,-100,0,0,0,-100,0,0.085,0,,,,,205
57498890,-100,0,0,0,-100,0,0.085,0,,,,,303
27184918,-100,0,0,0,-100,0,0.131,0,,,,,1216
7942519,24440258,0,0,0,6669,0,0.138,0,,,,,21
15625990,28032846,0,0,0,4690,0,0.1,0,,,,,93
18972845,30552847,0,0,0,13,0,0.03,0,,,,,3
21035101,27123428,0,0,0,8,0,0.055,0,,,,,3
22916337,27060527,0,0,0,1,0,0.031,0,,,,,937
27014134,-100,0,0,0,-100,0,0.147,0,,,,,4
27004167,36852821,0,0,0,198,0,0.068,0,,,,,17
25528067,-100,0,0,0,-100,0,0.115,0,,,,,139
22396234,26952232,0,0,0,14,0,0.032,0,,,,,4403
58370234,58375977,0,0,0,1,0,0.022,0,,,,,1
26950123,-100,0,0,0,-100,0,0.094,0,,,,,1
24086498,26883864,0,0,0,119,0,0.022,0,,,,,78
23261760,26794236,0,0,0,1561,0,0.047,0,,,,,1
26724124,34487641,0,0,0,5686,0,0.084,0,,,,,11
26706159,30513616,0,0,0,8,0,0.016,0,,,,,4404
26667162,36511909,0,0,0,4,0,0.038,0,,,,,278
26618951,26621092,0,0,0,37,0,0.031,0,,,,,4
26574054,26574670,0,0,0,68,0,0.047,0,,,,,1
42749447,-100,0,0,0,-100,0,0.169,0,,,,,6
58298622,58355299,0,0,0,15,0,0.023,0,,,,,9
26394927,26396047,0,0,0,16,0,0.03,0,,,,,2
11365857,27205610,0,0,0,7299,0,0.132,0,,,,,4
26354768,26359909,0,0,0,3,0,0.031,0,,,,,1
23678494,26332489,0,0,0,622,0,0.069,0,,,,,1
12075037,44167480,0,0,0,9,0,0.031,0,,,,,20
26112990,26249385,0,0,0,267,0,0.038,0,,,,,128
9319597,32406216,0,0,0,9,0,0.031,0,,,,,3
31613119,34491446,0,0,0,1,0,0.031,0,,,,,140
24040280,26154260,0,0,0,253,0,0.038,0,,,,,21
57427059,-100,0,0,0,-100,0,0.132,0,,,,,1
26145967,26159529,0,0,0,17,0,0.031,0,,,,,4
14926672,26045999,0,0,0,8824,0,0.138,0,,,,,6530
12468574,26025430,0,0,0,1,0,0.031,0,,,,,1544
26003574,57123813,0,0,0,5877,0,0.132,0,,,,,5
25960517,-100,0,0,0,-100,0,0.116,0,,,,,8786
25876755,-100,0,0,0,-100,0,0.122,0,,,,,47
25727473,25762371,0,0,0,10,0,0.047,0,,,,,1
25565817,25742400,0,0,0,349,0,0.053,0,,,,,1
47719961,58295133,0,0,0,4467,0,0.094,0,,,,,5
25697358,-100,0,0,0,-100,0,0.069,0,,,,,381
25640114,36779537,0,0,0,205,0,0.037,0,,,,,1
25516365,-100,0,0,0,-100,0,0.079,0,,,,,3123
7721262,55186549,0,0,0,303,0,0.053,0,,,,,22
11846295,43696806,0,0,0,1216,0,0.047,0,,,,,8
25466013,25474682,0,0,0,21,0,0.016,0,,,,,25
25145982,55710990,0,0,0,93,0,0.031,0,,,,,3
29170099,-100,0,0,0,-100,0,0.069,0,,,,,1
58250126,58250531,0,0,0,3,0,0.016,0,,,,,334
25245076,25276758,0,0,0,3,0,0.046,0,,,,,144
34731975,49452857,0,0,0,937,0,0.038,0,,,,,71
25178452,-100,0,0,0,-100,0,0.116,0,,,,,8
12647774,-100,0,0,0,-100,0,0.116,0,,,,,185
24940246,25273767,0,0,0,4,0,0.047,0,,,,,5807
25109672,25547152,0,0,0,17,0,0.038,0,,,,,286
25102617,-100,0,0,0,-100,0,0.131,0,,,,,282
25056597,25076293,0,0,0,139,0,0.038,0,,,,,24
25020092,36671531,0,0,0,4403,0,0.062,0,,,,,26
24942366,24944151,0,0,0,1,0,0.032,0,,,,,5
58188784,58194795,0,0,0,1,0,0.022,0,,,,,15
18093107,24953127,0,0,0,78,0,0.031,0,,,,,1
24916945,-100,0,0,0,-100,0,0.069,0,,,,,4
9378482,-100,0,0,0,-100,0,0.116,0,,,,,799
24701419,24810470,0,0,0,1,0,0.015,0,,,,,406
24129772,24783826,0,0,0,11,0,0.032,0,,,,,2171
24767751,-100,0,0,0,-100,0,0.069,0,,,,,1095
22086780,24759346,0,0,0,4404,0,0.069,0,,,,,9784
24379743,24668240,0,0,0,278,0,0.031,0,,,,,1
8251632,32798526,0,0,0,4,0,0.031,0,,,,,1
23252231,24501245,0,0,0,1,0,0.022,0,,,,,577
58176637,58194938,0,0,0,6,0,0.032,0,,,,,7
24467936,24473055,0,0,0,9,0,0.031,0,,,,,7674
24424928,24432291,0,0,0,2,0,0.031,0,,,,,643
24356683,24873550,0,0,0,4,0,0.038,0,,,,,51
11144551,17878048,0,0,0,1,0,0.016,0,,,,,4409
24305672,24308718,0,0,0,1,0,0.032,0,,,,,16
30006822,-100,0,0,0,-100,0,0.121,0,,,,,8
24242704,24257271,0,0,0,20,0,0.031,0,,,,,4
18647777,24231827,0,0,0,128,0,0.047,0,,,,,1
24195562,24207457,0,0,0,3,0,0.038,0,,,,,1073
24195255,24197181,0,0,0,140,0,0.031,0,,,,,259
61702762,-100,0,0,0,-100,0,0.085,0,,,,,1183
58148340,58164989,0,0,0,21,0,0.015,0,,,,,1220
24157990,24162675,0,0,0,1,0,0.032,0,,,,,302
24135157,-100,0,0,0,-100,0,0.1,0,,,,,249
24033733,24039621,0,0,0,4,0,0.038,0,,,,,2
23961022,23969411,0,0,0,6530,0,0.116,0,,,,,5692
23875757,-100,0,0,0,-100,0,0.131,0,,,,,166
23861047,25994307,0,0,0,1544,0,0.085,0,,,,,2599
10404224,-100,0,0,0,-100,0,0.116,0,,,,,141
23840523,-100,0,0,0,-100,0,0.1,0,,,,,744
23836169,-100,0,0,0,-100,0,0.069,0,,,,,1
58159645,-100,0,0,0,-100,0,0.116,0,,,,,391
23436577,23833294,0,0,0,5,0,0.031,0,,,,,613
16289182,33887083,0,0,0,8786,0,0.1,0,,,,,815
23729980,23739359,0,0,0,47,0,0.022,0,,,,,13
8732461,-100,0,0,0,-100,0,0.1,0,,,,,393
22945651,-100,0,0,0,-100,0,0.132,0,,,,,10
23618813,23637902,0,0,0,1,0,0.031,0,,,,,2882
8203818,-100,0,0,0,-100,0,0.116,0,,,,,2
16284766,-100,0,0,0,-100,0,0.1,0,,,,,35
23483421,23493873,0,0,0,1,0,0.031,0,,,,,174
58131498,58132035,0,0,0,5,0,0.031,0,,,,,2230
22287498,23482036,0,0,0,381,0,0.038,0,,,,,514
13189467,-100,0,0,0,-100,0,0.132,0,,,,,7648
21185336,23444693,0,0,0,1,0,0.046,0,,,,,6436
26291988,31721023,0,0,0,3123,0,0.069,0,,,,,2182
23327746,23329178,0,0,0,22,0,0.031,0,,,,,465
23307653,23309515,0,0,0,8,0,0.022,0,,,,,8
19920281,29992066,0,0,0,25,0,0.032,0,,,,,3297
23155365,23165452,0,0,0,3,0,0.015,0,,,,,31
58020350,-100,0,0,0,-100,0,0.116,0,,,,,1
23077125,-100,0,0,0,-100,0,0.069,0,,,,,37
29980426,-100,0,0,0,-100,0,0.132,0,,,,,3602
58021216,58083701,0,0,0,1,0,0.022,0,,,,,142
18171246,-100,0,0,0,-100,0,0.1,0,,,,,4411
44200195,51552203,0,0,0,334,0,0.047,0,,,,,32
29241492,-100,0,0,0,-100,0,0.085,0,,,,,200
23017552,23035841,0,0,0,144,0,0.031,0,,,,,5
4559175,-100,0,0,0,-100,0,0.083,0,,,,,44
23026145,-100,0,0,0,-100,0,0.116,0,,,,,275
19936432,22944707,0,0,0,71,0,0.038,0,,,,,2
22920381,-100,0,0,0,-100,0,0.131,0,,,,,126
22893028,22893290,0,0,0,8,0,0.032,0,,,,,2263
57935571,-100,0,0,0,-100,0,0.115,0,,,,,109
22863771,-100,0,0,0,-100,0,0.116,0,,,,,5018
22803814,-100,0,0,0,-100,0,0.069,0,,,,,254
22736107,22868923,0,0,0,185,0,0.038,0,,,,,1
12362857,49362941,0,0,0,5807,0,0.078,0,,,,,1881
22661397,22788870,0,0,0,286,0,0.038,0,,,,,12
8843700,32499520,0,0,0,282,0,0.047,0,,,,,33
22558887,31416347,0,0,0,24,0,0.038,0,,,,,143
11672050,22528625,0,0,0,26,0,0.015,0,,,,,241
22492219,22510100,0,0,0,5,0,0.032,0,,,,,16
22480052,34623780,0,0,0,15,0,0.031,0,,,,,1
11134812,42481827,0,0,0,1,0,0.037,0,,,,,19
22380926,22453482,0,0,0,4,0,0.032,0,,,,,1788
16390221,31432176,0,0,0,799,0,0.031,0,,,,,1
16626462,29696172,0,0,0,406,0,0.038,0,,,,,1
21895585,-100,0,0,0,-100,0,0.084,0,,,,,448
19885381,33103203,0,0,0,2171,0,0.063,0,,,,,2744
57937662,57946786,0,0,0,1095,0,0.053,0,,,,,1138
28748046,28761809,0,0,0,9784,0,0.132,0,,,,,1
14983805,29100911,0,0,0,1,0,0.031,0,,,,,3071
2858014,45460273,0,0,0,1,0,0.038,0,,,,,4102
22218640,58383926,0,0,0,577,0,0.031,0,,,,,9
22182442,26336180,0,0,0,7,0,0.031,0,,,,,1
22177756,22848403,0,0,0,7674,0,0.101,0,,,,,20
22116489,-100,0,0,0,-100,0,0.122,0,,,,,1
22133577,-100,0,0,0,-100,0,0.078,0,,,,,1
21987834,-100,0,0,0,-100,0,0.1,0,,,,,1951
57914461,-100,0,0,0,-100,0,0.116,0,,,,,1
22003683,22022772,0,0,0,643,0,0.022,0,,,,,12
18287981,25069798,0,0,0,51,0,0.032,0,,,,,38
21917358,21923028,0,0,0,4409,0,0.084,0,,,,,307
12464396,24949065,0,0,0,16,0,0.031,0,,,,,13
21760298,21764361,0,0,0,8,0,0.038,0,,,,,1
21748852,-100,0,0,0,-100,0,0.1,0,,,,,1
21716567,21748598,0,0,0,4,0,0.047,0,,,,,21
20671888,21667581,0,0,0,1,0,0.016,0,,,,,110
49346939,-100,0,0,0,-100,0,0.1,0,,,,,258
21630406,21663007,0,0,0,1073,0,0.054,0,,,,,916
18511249,21618556,0,0,0,259,0,0.031,0,,,,,1
16880627,21613467,0,0,0,1183,0,0.031,0,,,,,58
7963393,27153974,0,0,0,1220,0,0.038,0,,,,,231
21596906,-100,0,0,0,-100,0,0.1,0,,,,,765
21502181,-100,0,0,0,-100,0,0.085,0,,,,,227
61192872,61703818,0,0,0,302,0,0.031,0,,,,,10
57875654,59307289,0,0,0,249,0,0.031,0,,,,,2089
21435339,21477525,0,0,0,2,0,0.031,0,,,,,1
21295936,21644848,0,0,0,5692,0,0.085,0,,,,,391
39632751,41743949,0,0,0,166,0,0.038,0,,,,,7663
17595796,-100,0,0,0,-100,0,0.078,0,,,,,232
21273691,21274527,0,0,0,2599,0,0.069,0,,,,,3985
1395577,5182238,0,0,0,141,0,0.038,0,,,,,673
20670892,21041499,0,0,0,744,0,0.031,0,,,,,4414
19791917,-100,0,0,0,-100,0,0.116,0,,,,,11
57867429,57870092,0,0,0,1,0,0.031,0,,,,,5
20941744,20950880,0,0,0,391,0,0.022,0,,,,,1
17766989,20915114,0,0,0,613,0,0.063,0,,,,,1
14490071,-100,0,0,0,-100,0,0.1,0,,,,,12
20749444,-100,0,0,0,-100,0,0.1,0,,,,,16
20679635,20682542,0,0,0,815,0,0.038,0,,,,,78
18355686,20602751,0,0,0,13,0,0.031,0,,,,,17
44616530,52554822,0,0,0,393,0,0.032,0,,,,,47
9071020,20562177,0,0,0,10,0,0.037,0,,,,,462
20518376,20527711,0,0,0,2882,0,0.079,0,,,,,704
57820798,57864965,0,0,0,2,0,0.037,0,,,,,1
19470426,-100,0,0,0,-100,0,0.132,0,,,,,1
15875786,29790915,0,0,0,35,0,0.047,0,,,,,644
15059093,-100,0,0,0,-100,0,0.106,0,,,,,12
13942202,-100,0,0,0,-100,0,0.101,0,,,,,34
14645363,38686427,0,0,0,174,0,0.015,0,,,,,1
10802806,57030452,0,0,0,2230,0,0.063,0,,,,,144
20290069,20291599,0,0,0,514,0,0.022,0,,,,,1
5671719,-100,0,0,0,-100,0,0.094,0,,,,,318
20238175,20238573,0,0,0,7648,0,0.106,0,,,,,22
47720329,-100,0,0,0,-100,0,0.101,0,,,,,8790
20201070,37736782,0,0,0,6436,0,0.1,0,,,,,13
15403903,25315309,0,0,0,2182,0,0.047,0,,,,,1369
17808575,-100,0,0,0,-100,0,0.069,0,,,,,1
19851655,-100,0,0,0,-100,0,0.147,0,,,,,71
6967664,27611438,0,0,0,465,0,0.031,0,,,,,198
20039335,20076511,0,0,0,8,0,0.022,0,,,,,29
27114926,-100,0,0,0,-100,0,0.163,0,,,,,3
16111242,19894471,0,0,0,3297,0,0.069,0,,,,,262
19787909,19792110,0,0,0,31,0,0.053,0,,,,,53
57759059,57779014,0,0,0,1,0,0.047,0,,,,,1
19686892,25936484,0,0,0,37,0,0.054,0,,,,,41
19716535,19735509,0,0,0,3602,0,0.093,0,,,,,1552
29125019,30765866,0,0,0,142,0,0.022,0,,,,,8375
27677283,30468455,0,0,0,4411,0,0.063,0,,,,,1697
6886416,19507919,0,0,0,32,0,0.022,0,,,,,3
15502263,19410781,0,0,0,200,0,0.047,0,,,,,42
18473382,19330546,0,0,0,5,0,0.015,0,,,,,2
12392404,19321739,0,0,0,44,0,0.038,0,,,,,6511
19253820,-100,0,0,0,-100,0,0.085,0,,,,,7
19284824,19326234,0,0,0,275,0,0.015,0,,,,,43
57601875,57798411,0,0,0,2,0,0.045,0,,,,,44
19196923,33359284,0,0,0,126,0,0.04,0,,,,,1074
33501032,41941523,0,0,0,2263,0,0.046,0,,,,,27
12806128,19014531,0,0,0,109,0,0.032,0,,,,,834
19009308,-100,0,0,0,-100,0,0.084,0,,,,,1599
18881073,28576729,0,0,0,5018,0,0.101,0,,,,,1
18821862,-100,0,0,0,-100,0,0.084,0,,,,,1
16838613,18789330,0,0,0,254,0,0.031,0,,,,,1700
18694281,-100,0,0,0,-100,0,0.069,0,,,,,6576
57547769,57680924,0,0,0,1,0,0.016,0,,,,,3122
18720036,-100,0,0,0,-100,0,0.1,0,,,,,182
18706182,18726155,0,0,0,1881,0,0.054,0,,,,,62
17266780,49124254,0,0,0,12,0,0.031,0,,,,,3
11693599,42112654,0,0,0,33,0,0.016,0,,,,,23
3611314,-100,0,0,0,-100,0,0.116,0,,,,,1
18396525,18397245,0,0,0,143,0,0.037,0,,,,,12
18349053,-100,0,0,0,-100,0,0.085,0,,,,,1851
24070714,-100,0,0,0,-100,0,0.131,0,,,,,1040
57253488,57672160,0,0,0,241,0,0.048,0,,,,,51
40385321,40436727,0,0,0,16,0,0.016,0,,,,,1
13701347,61969752,0,0,0,1,0,0.032,0,,,,,1
9617629,27676179,0,0,0,19,0,0.031,0,,,,,261
18110397,52317124,0,0,0,1788,0,0.069,0,,,,,53
18067519,-100,0,0,0,-100,0,0.085,0,,,,,4420
18028920,18033568,0,0,0,1,0,0.046,0,,,,,558
18018097,18083363,0,0,0,1,0,0.016,0,,,,,845
4765256,17879766,0,0,0,448,0,0.038,0,,,,,24
17178831,36373630,0,0,0,2744,0,0.047,0,,,,,2737
52532428,57655036,0,0,0,1138,0,0.053,0,,,,,5
21729415,51158486,0,0,0,1,0,0.047,0,,,,,14
17778543,42701409,0,0,0,3071,0,0.069,0,,,,,1
17761858,-100,0,0,0,-100,0,0.116,0,,,,,1197
17750893,17751862,0,0,0,4102,0,0.069,0,,,,,3
17718842,17719480,0,0,0,9,0,0.031,0,,,,,2629
12038160,31412724,0,0,0,1,0,0.031,0,,,,,2876
17631895,17657920,0,0,0,20,0,0.038,0,,,,,23
17569309,-100,0,0,0,-100,0,0.1,0,,,,,29
57657901,-100,0,0,0,-100,0,0.085,0,,,,,1
7355187,12307139,0,0,0,1,0,0.043,0,,,,,1751
17389533,-100,0,0,0,-100,0,0.158,0,,,,,30
17385801,17393108,0,0,0,1,0,0.031,0,,,,,936
11070101,26562926,0,0,0,1951,0,0.047,0,,,,,5550
17306695,17329288,0,0,0,1,0,0.022,0,,,,,7425
12609816,17218305,0,0,0,12,0,0.031,0,,,,,1
20592886,20880558,0,0,0,38,0,0.031,0,,,,,187
61602871,61613387,0,0,0,307,0,0.016,0,,,,,4489
57647120,-100,0,0,0,-100,0,0.1,0,,,,,31
17222942,17288379,0,0,0,13,0,0.022,0,,,,,1
17222981,-100,0,0,0,-100,0,0.078,0,,,,,58
15486551,-100,0,0,0,-100,0,0.101,0,,,,,457
17121390,17127645,0,0,0,1,0,0.038,0,,,,,223
29062766,31458051,0,0,0,1,0,0.031,0,,,,,540
39137287,39164688,0,0,0,21,0,0.053,0,,,,,689
17107206,-100,0,0,0,-100,0,0.078,0,,,,,33
57609922,57610899,0,0,0,110,0,0.054,0,,,,,1
14041601,17061016,0,0,0,258,0,0.047,0,,,,,1801
16963137,-100,0,0,0,-100,0,0.153,0,,,,,34
16902902,16906751,0,0,0,916,0,0.069,0,,,,,1410
12417454,16798605,0,0,0,1,0,0.053,0,,,,,1658
16705468,16706578,0,0,0,58,0,0.07,0,,,,,201
15591880,16694587,0,0,0,231,0,0.071,0,,,,,5695
57529808,57577735,0,0,0,765,0,0.07,0,,,,,330
24331730,-100,0,0,0,-100,0,0.141,0,,,,,1
11561856,-100,0,0,0,-100,0,0.18,0,,,,,471
5745886,-100,0,0,0,-100,0,0.115,0,,,,,35
16475081,16559250,0,0,0,227,0,0.047,0,,,,,1635
15913417,16542994,0,0,0,10,0,0.054,0,,,,,3
16512371,-100,0,0,0,-100,0,0.131,0,,,,,35
3685285,-100,0,0,0,-100,0,0.154,0,,,,,10
57356463,57571196,0,0,0,2089,0,0.062,0,,,,,36
15860071,23543825,0,0,0,1,0,0.038,0,,,,,92
16474179,16667247,0,0,0,391,0,0.031,0,,,,,434
16253789,16315581,0,0,0,7663,0,0.132,0,,,,,63
6132332,16310387,0,0,0,232,0,0.031,0,,,,,780
26477679,26491934,0,0,0,3985,0,0.069,0,,,,,4423
16255579,-100,0,0,0,-100,0,0.138,0,,,,,38
39484118,58028528,0,0,0,673,0,0.031,0,,,,,39
16221742,16239153,0,0,0,4414,0,0.116,0,,,,,1109
16200667,-100,0,0,0,-100,0,0.136,0,,,,,2969
1429476,-100,0,0,0,-100,0,0.162,0,,,,,104
16132625,16152161,0,0,0,11,0,0.05,0,,,,,66
14875493,16115102,0,0,0,5,0,0.05,0,,,,,1
10535235,47006881,0,0,0,1,0,0.049,0,,,,,6
16070405,16072487,0,0,0,1,0,0.042,0,,,,,1811
14604820,15996692,0,0,0,12,0,0.048,0,,,,,438
15960352,-100,0,0,0,-100,0,0.133,0,,,,,10
10807804,-100,0,0,0,-100,0,0.088,0,,,,,1
15853204,45372987,0,0,0,16,0,0.033,0,,,,,68
15816532,-100,0,0,0,-100,0,0.09,0,,,,,1
15660954,15730793,0,0,0,78,0,0.03,0,,,,,2051
15673550,21605401,0,0,0,17,0,0.03,0,,,,,70
15670799,15671568,0,0,0,47,0,0.041,0,,,,,4
15647282,17222380,0,0,0,462,0,0.03,0,,,,,805
9023256,14058832,0,0,0,704,0,0.068,0,,,,,987
57430411,57465187,0,0,0,1,0,0.061,0,,,,,7
15591704,15593537,0,0,0,1,0,0.072,0,,,,,4
5352099,21509346,0,0,0,644,0,0.041,0,,,,,6617
15421130,23792137,0,0,0,12,0,0.048,0,,,,,1
14975638,15489065,0,0,0,34,0,0.052,0,,,,,91
5225823,-100,0,0,0,-100,0,0.099,0,,,,,1967
14899197,15475832,0,0,0,1,0,0.032,0,,,,,71
15431924,15447622,0,0,0,144,0,0.03,0,,,,,4682
15267018,15298359,0,0,0,1,0,0.03,0,,,,,64
15258954,16626168,0,0,0,318,0,0.031,0,,,,,149
9968976,18598953,0,0,0,22,0,0.05,0,,,,,19
57385749,57447378,0,0,0,8790,0,0.12,0,,,,,940
11940605,28094645,0,0,0,13,0,0.033,0,,,,,1
18487369,51901813,0,0,0,1369,0,0.06,0,,,,,4492
11056625,15141952,0,0,0,1,0,0.03,0,,,,,671
15112440,30806577,0,0,0,71,0,0.038,0,,,,,1
15097497,-100,0,0,0,-100,0,0.123,0,,,,,29
15046111,15069078,0,0,0,198,0,0.04,0,,,,,75
14800161,-100,0,0,0,-100,0,0.161,0,,,,,79
15044342,-100,0,0,0,-100,0,0.18,0,,,,,74
15039039,36297815,0,0,0,29,0,0.04,0,,,,,34
19014360,22605238,0,0,0,3,0,0.032,0,,,,,3276
57438355,-100,0,0,0,-100,0,0.161,0,,,,,474
11738844,-100,0,0,0,-100,0,0.1,0,,,,,25
14983347,14994084,0,0,0,262,0,0.031,0,,,,,43
14964457,14968103,0,0,0,53,0,0.04,0,,,,,44
14237467,15073114,0,0,0,1,0,0.038,0,,,,,3
14883925,14884346,0,0,0,41,0,0.022,0,,,,,77
9863604,-100,0,0,0,-100,0,0.121,0,,,,,6441
14871818,-100,0,0,0,-100,0,0.098,0,,,,,2
10498477,-100,0,0,0,-100,0,0.157,0,,,,,13
14827853,14870400,0,0,0,1552,0,0.084,0,,,,,78
2643939,15968494,0,0,0,8375,0,0.126,0,,,,,138
57363854,-100,0,0,0,-100,0,0.084,0,,,,,1
6022898,14771546,0,0,0,1697,0,0.047,0,,,,,127
8081931,32120291,0,0,0,3,0,0.016,0,,,,,1852
9422945,20150234,0,0,0,42,0,0.031,0,,,,,47
13703344,14687326,0,0,0,2,0,0.022,0,,,,,941
14680075,-100,0,0,0,-100,0,0.085,0,,,,,756
14647988,35904363,0,0,0,6511,0,0.1,0,,,,,48
14671609,14672171,0,0,0,7,0,0.016,0,,,,,272
2894775,-100,0,0,0,-100,0,0.1,0,,,,,1
61583902,61584580,0,0,0,43,0,0.016,0,,,,,6186
57334741,-100,0,0,0,-100,0,0.069,0,,,,,170
8852406,14612190,0,0,0,44,0,0.015,0,,,,,81
12723182,14501305,0,0,0,1074,0,0.063,0,,,,,1
14366406,-100,0,0,0,-100,0,0.085,0,,,,,82
14124373,-100,0,0,0,-100,0,0.205,0,,,,,761
5713713,23679925,0,0,0,27,0,0.031,0,,,,,202
2824965,14260340,0,0,0,834,0,0.022,0,,,,,9
8899096,14271584,0,0,0,1599,0,0.047,0,,,,,12
13773770,-100,0,0,0,-100,0,0.116,0,,,,,485
10566473,-100,0,0,0,-100,0,0.053,0,,,,,330
49435632,57349958,0,0,0,1,0,0.031,0,,,,,6329
8708048,39393514,0,0,0,1,0,0.032,0,,,,,49
11366964,50883294,0,0,0,1700,0,0.037,0,,,,,84
12675147,-100,0,0,0,-100,0,0.116,0,,,,,3703
57191083,57298332,0,0,0,6576,0,0.085,0,,,,,14
11950703,13984470,0,0,0,3122,0,0.062,0,,,,,86
13912387,-100,0,0,0,-100,0,0.101,0,,,,,953
13871818,-100,0,0,0,-100,0,0.1,0,,,,,50
12112558,-100,0,0,0,-100,0,0.142,0,,,,,1
13706188,-100,0,0,0,-100,0,0.094,0,,,,,322
12546365,-100,0,0,0,-100,0,0.1,0,,,,,2763
6986657,13594968,0,0,0,182,0,0.023,0,,,,,5555
13550501,-100,0,0,0,-100,0,0.084,0,,,,,282
57031898,57294988,0,0,0,62,0,0.031,0,,,,,1270
13407236,-100,0,0,0,-100,0,0.101,0,,,,,6765
3650862,32637159,0,0,0,3,0,0.015,0,,,,,290
17691036,33813972,0,0,0,23,0,0.032,0,,,,,52
6329962,17240536,0,0,0,1,0,0.022,0,,,,,16
8896820,14099218,0,0,0,12,0,0.015,0,,,,,1216
8751497,-100,0,0,0,-100,0,0.085,0,,,,,87
10706753,-100,0,0,0,-100,0,0.078,0,,,,,1087
13176741,-100,0,0,0,-100,0,0.163,0,,,,,29
13132111,-100,0,0,0,-100,0,0.163,0,,,,,17
57220792,57226542,0,0,0,1851,0,0.121,0,,,,,1350
13106645,-100,0,0,0,-100,0,0.115,0,,,,,2900
13063273,13063605,0,0,0,1040,0,0.03,0,,,,,4048
13023274,-100,0,0,0,-100,0,0.064,0,,,,,1
12975794,12976569,0,0,0,51,0,0.031,0,,,,,181
7492274,-100,0,0,0,-100,0,0.116,0,,,,,3011
36668078,-100,0,0,0,-100,0,0.1,0,,,,,5
12786335,-100,0,0,0,-100,0,0.101,0,,,,,423
11751047,-100,0,0,0,-100,0,0.1,0,,,,,1
12829995,12831524,0,0,0,1,0,0.038,0,,,,,2
12766253,-100,0,0,0,-100,0,0.131,0,,,,,1
57032447,-100,0,0,0,-100,0,0.132,0,,,,,1
10689055,-100,0,0,0,-100,0,0.153,0,,,,,1
12584704,12599684,0,0,0,1,0,0.019,0,,,,,614
10303241,12582793,0,0,0,261,0,0.032,0,,,,,337
12416880,12523548,0,0,0,53,0,0.015,0,,,,,94
7960798,34091811,0,0,0,4420,0,0.05,0,,,,,85
12125364,49781741,0,0,0,558,0,0.031,0,,,,,2
12362866,12385103,0,0,0,845,0,0.022,0,,,,,5513
8197559,-100,0,0,0,-100,0,0.1,0,,,,,1
49827119,57281786,0,0,0,24,0,0.016,0,,,,,95
9508747,-100,0,0,0,-100,0,0.078,0,,,,,1
6902087,-100,0,0,0,-100,0,0.101,0,,,,,59
3094232,24331690,0,0,0,2737,0,0.069,0,,,,,54
12100856,12709933,0,0,0,5,0,0.037,0,,,,,3767
12019638,12023403,0,0,0,14,0,0.047,0,,,,,1
12018499,33079500,0,0,0,1,0,0.054,0,,,,,6
7425100,11954734,0,0,0,1197,0,0.046,0,,,,,55
57110805,57160711,0,0,0,3,0,0.054,0,,,,,17
11676476,-100,0,0,0,-100,0,0.163,0,,,,,96
11851240,11892241,0,0,0,2629,0,0.053,0,,,,,194
10438969,-100,0,0,0,-100,0,0.147,0,,,,,97
11668904,37998364,0,0,0,2876,0,0.053,0,,,,,1
11650996,11669945,0,0,0,23,0,0.031,0,,,,,1
2247045,-100,0,0,0,-100,0,0.085,0,,,,,467
11301738,11606441,0,0,0,29,0,0.031,0,,,,,4912
57024793,58739159,0,0,0,1,0,0.038,0,,,,,1873
3642535,-100,0,0,0,-100,0,0.132,0,,,,,290
3932038,42707308,0,0,0,1751,0,0.069,0,,,,,39
10035551,11393123,0,0,0,30,0,0.031,0,,,,,1
11394091,-100,0,0,0,-100,0,0.163,0,,,,,7817
12925063,-100,0,0,0,-100,0,0.153,0,,,,,25
9096671,-100,0,0,0,-100,0,0.132,0,,,,,943
11254452,11288900,0,0,0,936,0,0.038,0,,,,,88
11280277,30894636,0,0,0,5550,0,0.062,0,,,,,1
10306831,-100,0,0,0,-100,0,0.085,0,,,,,1753
57101282,57293986,0,0,0,7425,0,0.1,0,,,,,98
9220849,20849641,0,0,0,1,0,0.016,0,,,,,1
10675360,-100,0,0,0,-100,0,0.084,0,,,,,1025
3835714,11986574,0,0,0,187,0,0.016,0,,,,,99
17368223,-100,0,0,0,-100,0,0.138,0,,,,,100
10646665,10943695,0,0,0,4489,0,0.147,0,,,,,93
5415132,40391272,0,0,0,31,0,0.059,0,,,,,1072
10939516,-100,0,0,0,-100,0,0.102,0,,,,,10
53697235,-100,0,0,0,-100,0,0.118,0,,,,,1
57029872,-100,0,0,0,-100,0,0.079,0,,,,,944
10806404,-100,0,0,0,-100,0,0.084,0,,,,,102
8889554,-100,0,0,0,-100,0,0.069,0,,,,,945
7726034,15383057,0,0,0,1,0,0.032,0,,,,,5562
10892803,10908553,0,0,0,58,0,0.031,0,,,,,2
9527802,-100,0,0,0,-100,0,0.069,0,,,,,2652
10859858,10861278,0,0,0,457,0,0.031,0,,,,,1
10826357,10851976,0,0,0,223,0,0.038,0,,,,,19
10840741,-100,0,0,0,-100,0,0.069,0,,,,,3
2564258,-100,0,0,0,-100,0,0.147,0,,,,,44
24590154,42562128,0,0,0,540,0,0.031,0,,,,,2551
56981960,56990956,0,0,0,689,0,0.038,0,,,,,4427
2409317,-100,0,0,0,-100,0,0.185,0,,,,,1
10762287,46639120,0,0,0,33,0,0.031,0,,,,,37
9317923,10740100,0,0,0,1,0,0.031,0,,,,,1
10662314,16110859,0,0,0,1801,0,0.054,0,,,,,144
10661295,-100,0,0,0,-100,0,0.116,0,,,,,58
10620862,47021117,0,0,0,34,0,0.028,0,,,,,404
10305614,-100,0,0,0,-100,0,0.087,0,,,,,4
5320814,10562078,0,0,0,1410,0,0.047,0,,,,,12
7019912,-100,0,0,0,-100,0,0.069,0,,,,,6490
41701807,-100,0,0,0,-100,0,0.1,0,,,,,822
9867225,-100,0,0,0,-100,0,0.07,0,,,,,13
10532192,-100,0,0,0,-100,0,0.115,0,,,,,802
10431403,-100,0,0,0,-100,0,0.116,0,,,,,5
10411871,24651664,0,0,0,1658,0,0.069,0,,,,,27
10368180,-100,0,0,0,-100,0,0.147,0,,,,,37
3483203,15720545,0,0,0,201,0,0.038,0,,,,,2
56960608,56972840,0,0,0,5695,0,0.063,0,,,,,3
3699405,-100,0,0,0,-100,0,0.1,0,,,,,3727
9895811,-100,0,0,0,-100,0,0.1,0,,,,,1329
24536154,27125672,0,0,0,330,0,0.022,0,,,,,1
8998884,-100,0,0,0,-100,0,0.078,0,,,,,19
7943695,-100,0,0,0,-100,0,0.053,0,,,,,71
10049602,10055602,0,0,0,1,0,0.032,0,,,,,72
10032052,10128084,0,0,0,471,0,0.015,0,,,,,1
5587676,-100,0,0,0,-100,0,0.069,0,,,,,2
10004847,11028353,0,0,0,35,0,0.032,0,,,,,1624
3796266,-100,0,0,0,-100,0,0.084,0,,,,,375
56863566,56927812,0,0,0,1635,0,0.054,0,,,,,1
7680959,11261399,0,0,0,3,0,0.031,0,,,,,68
9965747,9968578,0,0,0,35,0,0.053,0,,,,,1
15034471,15042418,0,0,0,10,0,0.032,0,,,,,4347
9915824,20768286,0,0,0,36,0,0.031,0,,,,,4
39005958,51707582,0,0,0,92,0,0.069,0,,,,,724
9862519,-100,0,0,0,-100,0,0.1,0,,,,,781
9851655,-100,0,0,0,-100,0,0.1,0,,,,,1538
9829424,9840509,0,0,0,434,0,0.032,0,,,,,1289
12362176,-100,0,0,0,-100,0,0.131,0,,,,,7443
9558040,-100,0,0,0,-100,0,0.123,0,,,,,2951
9661469,9669411,0,0,0,63,0,0.015,0,,,,,538
8273313,18492844,0,0,0,780,0,0.047,0,,,,,17
7885147,34008486,0,0,0,4423,0,0.069,0,,,,,2
9465817,-100,0,0,0,-100,0,0.116,0,,,,,181
3606697,-100,0,0,0,-100,0,0.185,0,,,,,103
11214012,27028825,0,0,0,38,0,0.031,0,,,,,5
9505495,10526005,0,0,0,39,0,0.038,0,,,,,104
7854433,37571154,0,0,0,1109,0,0.078,0,,,,,95
9449184,27778559,0,0,0,2969,0,0.069,0,,,,,4
56761115,56832079,0,0,0,104,0,0.031,0,,,,,5
9184969,-100,0,0,0,-100,0,0.085,0,,,,,269
4427234,9277363,0,0,0,66,0,0.022,0,,,,,1
2231993,-100,0,0,0,-100,0,0.063,0,,,,,2
17638090,-100,0,0,0,-100,0,0.084,0,,,,,2155
9171036,-100,0,0,0,-100,0,0.1,0,,,,,103
9035674,14547069,0,0,0,1,0,0.032,0,,,,,1
9060569,-100,0,0,0,-100,0,0.069,0,,,,,24
9060457,29948585,0,0,0,6,0,0.053,0,,,,,6997
9058728,9059726,0,0,0,1811,0,0.062,0,,,,,214
8935523,8947483,0,0,0,438,0,0.038,0,,,,,105
56817353,-100,0,0,0,-100,0,0.147,0,,,,,1
7368262,13642092,0,0,0,10,0,0.032,0,,,,,776
8888516,-100,0,0,0,-100,0,0.169,0,,,,,9324
6258004,-100,0,0,0,-100,0,0.084,0,,,,,966
4227223,4512465,0,0,0,1,0,0.032,0,,,,,56
8761857,-100,0,0,0,-100,0,0.084,0,,,,,6216
8743556,-100,0,0,0,-100,0,0.132,0,,,,,1
8153594,-100,0,0,0,-100,0,0.115,0,,,,,6686
8637993,-100,0,0,0,-100,0,0.054,0,,,,,1
8539303,8540143,0,0,0,68,0,0.031,0,,,,,10
8499378,-100,0,0,0,-100,0,0.116,0,,,,,106
56770222,56776207,0,0,0,1,0,0.022,0,,,,,893
8400901,16118050,0,0,0,2051,0,0.047,0,,,,,117
8389913,8390943,0,0,0,70,0,0.038,0,,,,,2
1400937,8321081,0,0,0,4,0,0.031,0,,,,,2
8204972,8231007,0,0,0,805,0,0.069,0,,,,,22
8260808,-100,0,0,0,-100,0,0.1,0,,,,,2218
6644997,18994631,0,0,0,987,0,0.047,0,,,,,3
2436688,17046336,0,0,0,7,0,0.047,0,,,,,6451
8161836,-100,0,0,0,-100,0,0.138,0,,,,,30
8055508,24192428,0,0,0,4,0,0.031,0,,,,,723
7235657,52382298,0,0,0,6617,0,0.085,0,,,,,1253
56708929,56710379,0,0,0,1,0,0.015,0,,,,,58
2535234,-100,0,0,0,-100,0,0.085,0,,,,,550
13281303,-100,0,0,0,-100,0,0.1,0,,,,,5
8096313,-100,0,0,0,-100,0,0.085,0,,,,,272
8023315,-100,0,0,0,-100,0,0.084,0,,,,,87
6558921,6933598,0,0,0,91,0,0.032,0,,,,,340
61493218,61514348,0,0,0,1967,0,0.069,0,,,,,12
56736475,56768930,0,0,0,71,0,0.015,0,,,,,1
2547402,45460859,0,0,0,4682,0,0.116,0,,,,,268
7901925,7903972,0,0,0,64,0,0.053,0,,,,,4
7883154,-100,0,0,0,-100,0,0.116,0,,,,,1
7864931,10758965,0,0,0,149,0,0.032,0,,,,,1
16846380,43211628,0,0,0,19,0,0.031,0,,,,,1
56615319,56720250,0,0,0,940,0,0.038,0,,,,,555
7666807,-100,0,0,0,-100,0,0.062,0,,,,,1
14784302,-100,0,0,0,-100,0,0.085,0,,,,,1
7611169,-100,0,0,0,-100,0,0.1,0,,,,,10
7473067,7486450,0,0,0,1,0,0.025,0,,,,,6613
2765374,7474943,0,0,0,4492,0,0.059,0,,,,,5384
7451354,-100,0,0,0,-100,0,0.069,0,,,,,2
34693989,-100,0,0,0,-100,0,0.116,0,,,,,173
13137912,28301188,0,0,0,671,0,0.032,0,,,,,3
56705711,56717677,0,0,0,1,0,0.038,0,,,,,1023
7326865,-100,0,0,0,-100,0,0.116,0,,,,,1
5913006,7280421,0,0,0,29,0,0.047,0,,,,,16
7169202,7756604,0,0,0,75,0,0.053,0,,,,,3
3311940,25232624,0,0,0,79,0,0.031,0,,,,,115
56702965,56704121,0,0,0,74,0,0.038,0,,,,,1
1815606,3452086,0,0,0,34,0,0.063,0,,,,,4
7549694,-100,0,0,0,-100,0,0.138,0,,,,,59
12409960,-100,0,0,0,-100,0,0.115,0,,,,,2
56659665,56660496,0,0,0,3276,0,0.047,0,,,,,947
5453336,-100,0,0,0,-100,0,0.085,0,,,,,6454
10525957,-100,0,0,0,-100,0,0.1,0,,,,,291
6675066,-100,0,0,0,-100,0,0.116,0,,,,,454
7004710,-100,0,0,0,-100,0,0.132,0,,,,,5
7001799,-100,0,0,0,-100,0,0.153,0,,,,,680
6979917,-100,0,0,0,-100,0,0.132,0,,,,,61
6901238,6981631,0,0,0,474,0,0.022,0,,,,,8794
56629367,56634463,0,0,0,25,0,0.031,0,,,,,1
27637455,-100,0,0,0,-100,0,0.1,0,,,,,71
9917049,34496000,0,0,0,43,0,0.016,0,,,,,31
3744178,7299440,0,0,0,44,0,0.031,0,,,,,9
6592214,6593587,0,0,0,3,0,0.022,0,,,,,4
6550510,-100,0,0,0,-100,0,0.079,0,,,,,948
1195826,-100,0,0,0,-100,0,0.115,0,,,,,7
5916854,6325908,0,0,0,77,0,0.007,0,,,,,374
56597412,56598005,0,0,0,6441,0,0.078,0,,,,,1
47941228,47942864,0,0,0,2,0,0.022,0,,,,,7
3727822,48096198,0,0,0,13,0,0.047,0,,,,,2
3209761,3551955,0,0,0,78,0,0.016,0,,,,,583
1828206,-100,0,0,0,-100,0,0.1,0,,,,,4439
22569176,57457590,0,0,0,138,0,0.053,0,,,,,60
56570680,56582808,0,0,0,1,0,0.047,0,,,,,9
56530842,56532527,0,0,0,127,0,0.038,0,,,,,6606
3099219,-100,0,0,0,-100,0,0.147,0,,,,,6318
26917689,-100,0,0,0,-100,0,0.116,0,,,,,842
1249548,5226807,0,0,0,1852,0,0.053,0,,,,,108
3864535,-100,0,0,0,-100,0,0.116,0,,,,,25
18406991,20432635,0,0,0,47,0,0.032,0,,,,,4
56503342,56515650,0,0,0,941,0,0.037,0,,,,,25
11020437,-100,0,0,0,-100,0,0.098,0,,,,,117
6123378,-100,0,0,0,-100,0,0.079,0,,,,,1
1848331,6099243,0,0,0,756,0,0.037,0,,,,,8987
12040245,31458536,0,0,0,48,0,0.032,0,,,,,115
6085238,-100,0,0,0,-100,0,0.131,0,,,,,1427
6025051,-100,0,0,0,-100,0,0.1,0,,,,,1
6007883,-100,0,0,0,-100,0,0.116,0,,,,,949
61417517,61467044,0,0,0,272,0,0.038,0,,,,,107
56484967,56496925,0,0,0,1,0,0.031,0,,,,,791
5980240,-100,0,0,0,-100,0,0.116,0,,,,,375
5831794,-100,0,0,0,-100,0,0.069,0,,,,,2
1567718,25621108,0,0,0,6186,0,0.069,0,,,,,1
5251507,-100,0,0,0,-100,0,0.185,0,,,,,1
5749252,5761576,0,0,0,170,0,0.037,0,,,,,6
5665599,31926022,0,0,0,81,0,0.015,0,,,,,1378
56490797,56491759,0,0,0,1,0,0.032,0,,,,,61
2126108,-100,0,0,0,-100,0,0.148,0,,,,,2356
5161055,5581023,0,0,0,82,0,0.016,0,,,,,1
9198637,-100,0,0,0,-100,0,0.147,0,,,,,15
8091303,-100,0,0,0,-100,0,0.169,0,,,,,3580
4347634,44278665,0,0,0,761,0,0.038,0,,,,,2
32640551,-100,0,0,0,-100,0,0.116,0,,,,,26
5461196,5465314,0,0,0,202,0,0.015,0,,,,,1205
4167529,5333280,0,0,0,9,0,0.031,0,,,,,2
28159143,-100,0,0,0,-100,0,0.101,0,,,,,1
15059076,-100,0,0,0,-100,0,0.1,0,,,,,78
28751023,33314971,0,0,0,12,0,0.038,0,,,,,607
4785933,5223113,0,0,0,485,0,0.021,0,,,,,1
5208679,-100,0,0,0,-100,0,0.095,0,,,,,3556
4959018,-100,0,0,0,-100,0,0.084,0,,,,,98
56417685,56437215,0,0,0,330,0,0.047,0,,,,,1460
5106782,-100,0,0,0,-100,0,0.116,0,,,,,1549
5027480,-100,0,0,0,-100,0,0.185,0,,,,,9361
4951286,-100,0,0,0,-100,0,0.116,0,,,,,170
4996090,13043146,0,0,0,6329,0,0.084,0,,,,,1
3903157,-100,0,0,0,-100,0,0.069,0,,,,,1585
3082716,-100,0,0,0,-100,0,0.085,0,,,,,1
20600900,20622332,0,0,0,49,0,0.031,0,,,,,3
4654181,4687879,0,0,0,84,0,0.016,0,,,,,3
3369025,-100,0,0,0,-100,0,0.116,0,,,,,63
56366734,56382379,0,0,0,3703,0,0.037,0,,,,,5
2227734,9508518,0,0,0,14,0,0.032,0,,,,,2
6216968,-100,0,0,0,-100,0,0.069,0,,,,,1
11175414,12670162,0,0,0,86,0,0.047,0,,,,,462
9871106,9874512,0,0,0,953,0,0.069,0,,,,,65
3443687,-100,0,0,0,-100,0,0.131,0,,,,,110
3681647,12252750,0,0,0,50,0,0.031,0,,,,,57
3440373,-100,0,0,0,-100,0,0.123,0,,,,,1
51964208,56375203,0,0,0,1,0,0.015,0,,,,,94
1535021,-100,0,0,0,-100,0,0.085,0,,,,,1040
28889057,38910869,0,0,0,322,0,0.031,0,,,,,4
11433432,-100,0,0,0,-100,0,0.116,0,,,,,1
43223579,52334647,0,0,0,2763,0,0.085,0,,,,,79
3348522,3356923,0,0,0,5555,0,0.069,0,,,,,6547
56345077,56346524,0,0,0,282,0,0.031,0,,,,,1
3261597,10058839,0,0,0,1270,0,0.047,0,,,,,52
3302356,-100,0,0,0,-100,0,0.1,0,,,,,2
4126326,26273892,0,0,0,6765,0,0.1,0,,,,,5
3505701,11562656,0,0,0,290,0,0.054,0,,,,,779
3190087,17279027,0,0,0,52,0,0.031,0,,,,,1
3114043,3119037,0,0,0,16,0,0.038,0,,,,,72
11275187,11300048,0,0,0,1216,0,0.062,0,,,,,136
56329435,-100,0,0,0,-100,0,0.154,0,,,,,74
2899581,5510966,0,0,0,87,0,0.031,0,,,,,1269
2893005,3472980,0,0,0,1087,0,0.047,0,,,,,6
11163400,13297155,0,0,0,29,0,0.022,0,,,,,681
11979017,-100,0,0,0,-100,0,0.1,0,,,,,1
22386555,56322590,0,0,0,17,0,0.032,0,,,,,4449
5293715,15297814,0,0,0,1350,0,0.047,0,,,,,1
5963269,-100,0,0,0,-100,0,0.078,0,,,,,5
2732397,37129926,0,0,0,2900,0,0.054,0,,,,,1
1401904,-100,0,0,0,-100,0,0.069,0,,,,,28
2589275,40089885,0,0,0,4048,0,0.055,0,,,,,1349
25137444,25143428,0,0,0,1,0,0.031,0,,,,,4614
24829027,-100,0,0,0,-100,0,0.114,0,,,,,448
2286831,2295389,0,0,0,181,0,0.031,0,,,,,582
1429907,5365974,0,0,0,3011,0,0.085,0,,,,,123
1266279,25273166,0,0,0,5,0,0.047,0,,,,,271
7486386,14525580,0,0,0,423,0,0.038,0,,,,,1405
2193742,-100,0,0,0,-100,0,0.162,0,,,,,223
1630724,-100,0,0,0,-100,0,0.085,0,,,,,79
61365720,61421335,0,0,0,1,0,0.031,0,,,,,111
45975959,56027198,0,0,0,2,0,0.038,0,,,,,2
37131569,43385119,0,0,0,1,0,0.031,0,,,,,751
1245273,7828248,0,0,0,1,0,0.031,0,,,,,20
56026040,-100,0,0,0,-100,0,0.069,0,,,,,2
1882734,8507442,0,0,0,1,0,0.032,0,,,,,1
4442518,20588435,0,0,0,614,0,0.038,0,,,,,4706
1299871,38066077,0,0,0,337,0,0.031,0,,,,,694
52932440,52933667,0,0,0,94,0,0.015,0,,,,,1
1169539,51857177,0,0,0,85,0,0.038,0,,,,,145
55993404,55994667,0,0,0,2,0,0.021,0,,,,,113
1189759,-100,0,0,0,-100,0,0.079,0,,,,,6
55853841,55970694,0,0,0,5513,0,0.079,0,,,,,2006
55961475,55962196,0,0,0,1,0,0.037,0,,,,,48
55891499,55944124,0,0,0,95,0,0.016,0,,,,,29
55675591,55676436,0,0,0,1,0,0.031,0,,,,,92
55754330,55813859,0,0,0,59,0,0.038,0,,,,,1
55721820,55724880,0,0,0,54,0,0.047,0,,,,,83
61967678,61991055,0,0,0,3767,0,0.1,0,,,,,2
61353320,61369850,0,0,0,1,0,0.053,0,,,,,951
47850921,51759893,0,0,0,6,0,0.047,0,,,,,1
55686910,55688698,0,0,0,55,0,0.032,0,,,,,72
26720663,-100,0,0,0,-100,0,0.116,0,,,,,9
55611370,55617539,0,0,0,17,0,0.022,0,,,,,139
55569337,55571484,0,0,0,96,0,0.015,0,,,,,38
55550126,56099758,0,0,0,194,0,0.032,0,,,,,6462
55535021,55537032,0,0,0,97,0,0.015,0,,,,,1
55512219,55527619,0,0,0,1,0,0.022,0,,,,,1
55482534,-100,0,0,0,-100,0,0.078,0,,,,,1
61327081,61381710,0,0,0,1,0,0.023,0,,,,,4098
55485704,55498710,0,0,0,467,0,0.031,0,,,,,873
55284424,55345453,0,0,0,4912,0,0.069,0,,,,,8
55252006,-100,0,0,0,-100,0,0.074,0,,,,,115
31746962,55201041,0,0,0,1873,0,0.057,0,,,,,1
55168485,55393013,0,0,0,290,0,0.047,0,,,,,1
54879274,55032275,0,0,0,39,0,0.022,0,,,,,566
54943418,54950917,0,0,0,1,0,0.047,0,,,,,116
57563989,59233401,0,0,0,7817,0,0.147,0,,,,,130
54906090,54912421,0,0,0,25,0,0.038,0,,,,,6478
54831077,54835717,0,0,0,943,0,0.069,0,,,,,935
60847460,61249692,0,0,0,88,0,0.031,0,,,,,20
48067906,-100,0,0,0,-100,0,0.101,0,,,,,1
54737221,-100,0,0,0,-100,0,0.069,0,,,,,17
54582821,54752196,0,0,0,1,0,0.031,0,,,,,1
54701979,54737642,0,0,0,1753,0,0.063,0,,,,,110
54661129,54661698,0,0,0,98,0,0.022,0,,,,,40
34054287,-100,0,0,0,-100,0,0.131,0,,,,,360
54623575,54624083,0,0,0,1,0,0.031,0,,,,,1273
38064175,49626679,0,0,0,1025,0,0.038,0,,,,,1
53218422,54596743,0,0,0,99,0,0.031,0,,,,,1
61001940,61068264,0,0,0,100,0,0.016,0,,,,,37
54569448,54591376,0,0,0,93,0,0.016,0,,,,,5725
54575231,54639133,0,0,0,1072,0,0.037,0,,,,,26
54535966,54764144,0,0,0,10,0,0.032,0,,,,,6463
54298621,-100,0,0,0,-100,0,0.147,0,,,,,14
53212878,53223526,0,0,0,1,0,0.022,0,,,,,6879
53855748,54426953,0,0,0,944,0,0.062,0,,,,,507
54336092,54347137,0,0,0,102,0,0.038,0,,,,,113
54238427,54307701,0,0,0,945,0,0.063,0,,,,,30
54132300,54291153,0,0,0,5562,0,0.116,0,,,,,447
50048754,61046041,0,0,0,2,0,0.084,0,,,,,1743
54215125,54254903,0,0,0,2652,0,0.085,0,,,,,118
54184027,54185678,0,0,0,1,0,0.069,0,,,,,78
54066057,54093675,0,0,0,19,0,0.047,0,,,,,33
53812108,-100,0,0,0,-100,0,0.153,0,,,,,3530
54033510,54089471,0,0,0,3,0,0.026,0,,,,,6
31838855,-100,0,0,0,-100,0,0.09,0,,,,,119
54000814,-100,0,0,0,-100,0,0.134,0,,,,,1
53971364,-100,0,0,0,-100,0,0.132,0,,,,,440
28543538,29728795,0,0,0,44,0,0.046,0,,,,,4455
53799909,53952083,0,0,0,2551,0,0.101,0,,,,,33
55284306,-100,0,0,0,-100,0,0.122,0,,,,,14
53884353,55098961,0,0,0,4427,0,0.078,0,,,,,30
53701824,53869307,0,0,0,1,0,0.038,0,,,,,153
53479557,53864892,0,0,0,37,0,0.031,0,,,,,831
53718871,53735407,0,0,0,1,0,0.054,0,,,,,5577
53618077,53648755,0,0,0,144,0,0.031,0,,,,,14
52193105,53678412,0,0,0,58,0,0.069,0,,,,,469
38308134,53549442,0,0,0,404,0,0.047,0,,,,,121
22389993,53548994,0,0,0,4,0,0.047,0,,,,,373
61025542,61029739,0,0,0,12,0,0.053,0,,,,,122
50165443,53407004,0,0,0,6490,0,0.153,0,,,,,224
53193940,53324971,0,0,0,822,0,0.047,0,,,,,1
53292882,53302125,0,0,0,13,0,0.054,0,,,,,974
53266457,53284719,0,0,0,802,0,0.078,0,,,,,31
53235655,53239765,0,0,0,5,0,0.069,0,,,,,123
52874031,-100,0,0,0,-100,0,0.147,0,,,,,273
52623722,53162821,0,0,0,27,0,0.038,0,,,,,21
53099087,53130611,0,0,0,37,0,0.031,0,,,,,14
53070606,53071578,0,0,0,2,0,0.038,0,,,,,87
53059075,53060304,0,0,0,3,0,0.046,0,,,,,22
61015431,61029336,0,0,0,3727,0,0.085,0,,,,,3
53053598,53059211,0,0,0,1329,0,0.047,0,,,,,3184
53033225,-100,0,0,0,-100,0,0.116,0,,,,,109
52014985,-100,0,0,0,-100,0,0.122,0,,,,,1373
53931501,54038311,0,0,0,1,0,0.016,0,,,,,276
52706006,52876814,0,0,0,19,0,0.046,0,,,,,1
52864035,-100,0,0,0,-100,0,0.123,0,,,,,1
52858332,-100,0,0,0,-100,0,0.147,0,,,,,282
43194575,52846472,0,0,0,71,0,0.047,0,,,,,8249
61010890,61024619,0,0,0,72,0,0.053,0,,,,,3
52840058,-100,0,0,0,-100,0,0.069,0,,,,,5727
52803902,52814300,0,0,0,1,0,0.032,0,,,,,456
52687986,52777989,0,0,0,2,0,0.046,0,,,,,3261
28383595,-100,0,0,0,-100,0,0.085,0,,,,,2423
51481913,52565472,0,0,0,1624,0,0.053,0,,,,,81
52708868,52710549,0,0,0,375,0,0.032,0,,,,,2
52702984,52706456,0,0,0,1,0,0.031,0,,,,,1489
52675487,52682271,0,0,0,68,0,0.022,0,,,,,4456
52650467,-100,0,0,0,-100,0,0.078,0,,,,,5223
52576686,52832970,0,0,0,1,0,0.022,0,,,,,1
59825843,-100,0,0,0,-100,0,0.132,0,,,,,138
52558238,52652934,0,0,0,4347,0,0.1,0,,,,,1067
52543892,-100,0,0,0,-100,0,0.1,0,,,,,91
52521310,52533132,0,0,0,4,0,0.016,0,,,,,972
19877286,52491396,0,0,0,724,0,0.053,0,,,,,2108
49676982,52431959,0,0,0,781,0,0.063,0,,,,,830
52365579,52388444,0,0,0,1538,0,0.084,0,,,,,8
52334683,52382354,0,0,0,1289,0,0.038,0,,,,,30
28814322,-100,0,0,0,-100,0,0.101,0,,,,,1360
57332088,61979235,0,0,0,7443,0,0.131,0,,,,,6
60948668,61501935,0,0,0,2951,0,0.069,0,,,,,952
52338580,52339226,0,0,0,538,0,0.031,0,,,,,806
52334944,58713038,0,0,0,17,0,0.047,0,,,,,1865
27532044,-100,0,0,0,-100,0,0.116,0,,,,,54
44295144,-100,0,0,0,-100,0,0.107,0,,,,,1
52281220,52300914,0,0,0,2,0,0.046,0,,,,,1
52187189,52275015,0,0,0,181,0,0.032,0,,,,,486
52242044,52401049,0,0,0,103,0,0.022,0,,,,,1
52208380,52209203,0,0,0,5,0,0.031,0,,,,,373
52127834,52128944,0,0,0,104,0,0.016,0,,,,,181
52106980,52117181,0,0,0,95,0,0.031,0,,,,,228
56784714,-100,0,0,0,-100,0,0.138,0,,,,,246
52086833,-100,0,0,0,-100,0,0.1,0,,,,,31
52005153,52233504,0,0,0,4,0,0.031,0,,,,,1219
51967572,51970403,0,0,0,5,0,0.032,0,,,,,128
51929941,52074105,0,0,0,269,0,0.037,0,,,,,1245
51935753,-100,0,0,0,-100,0,0.116,0,,,,,778
51923603,51996021,0,0,0,1,0,0.032,0,,,,,68
51876158,51908491,0,0,0,2,0,0.031,0,,,,,25
47183558,-100,0,0,0,-100,0,0.1,0,,,,,5593
51857207,51865368,0,0,0,2155,0,0.038,0,,,,,3264
60925357,-100,0,0,0,-100,0,0.085,0,,,,,582
38644943,51658946,0,0,0,103,0,0.027,0,,,,,147
3642188,-100,0,0,0,-100,0,0.104,0,,,,,130
51597297,51650023,0,0,0,1,0,0.031,0,,,,,131
51551082,51603769,0,0,0,24,0,0.038,0,,,,,405
41052687,51594999,0,0,0,6997,0,0.116,0,,,,,1
51569831,51581399,0,0,0,214,0,0.031,0,,,,,1
51269865,51386027,0,0,0,105,0,0.038,0,,,,,1617
51486048,51506312,0,0,0,1,0,0.046,0,,,,,132
51494868,51495838,0,0,0,776,0,0.054,0,,,,,5729
51280568,-100,0,0,0,-100,0,0.147,0,,,,,5706
60916444,-100,0,0,0,-100,0,0.085,0,,,,,128
51372723,51380034,0,0,0,9324,0,0.131,0,,,,,1
51352697,51353272,0,0,0,966,0,0.038,0,,,,,72
51343022,-100,0,0,0,-100,0,0.062,0,,,,,954
51335424,51338784,0,0,0,56,0,0.023,0,,,,,76
41996394,51334762,0,0,0,6216,0,0.1,0,,,,,955
51330838,-100,0,0,0,-100,0,0.1,0,,,,,78
51320621,54880869,0,0,0,1,0,0.047,0,,,,,3221
50752133,-100,0,0,0,-100,0,0.069,0,,,,,5730
51387157,51546208,0,0,0,6686,0,0.116,0,,,,,1494
60878248,60896726,0,0,0,1,0,0.046,0,,,,,1
51087287,51170892,0,0,0,10,0,0.038,0,,,,,24
51164948,51165825,0,0,0,106,0,0.016,0,,,,,1049
51126843,58108631,0,0,0,893,0,0.047,0,,,,,19
51086959,51248293,0,0,0,117,0,0.022,0,,,,,73
49013393,51078004,0,0,0,2,0,0.015,0,,,,,1040
51071941,51072873,0,0,0,2,0,0.032,0,,,,,423
45259737,51045709,0,0,0,22,0,0.031,0,,,,,91
42115972,56345639,0,0,0,2218,0,0.053,0,,,,,316
51000699,51090065,0,0,0,3,0,0.047,0,,,,,162
56249536,60835547,0,0,0,6451,0,0.085,0,,,,,38
50958860,-100,0,0,0,-100,0,0.085,0,,,,,5161
50939130,59613787,0,0,0,30,0,0.015,0,,,,,145
37991389,50867641,0,0,0,723,0,0.038,0,,,,,942
50858296,50860018,0,0,0,1253,0,0.047,0,,,,,4
50838664,50854067,0,0,0,58,0,0.047,0,,,,,157
23966158,50828119,0,0,0,550,0,0.037,0,,,,,437
50685421,50687588,0,0,0,5,0,0.043,0,,,,,1
50659096,50665776,0,0,0,272,0,0.042,0,,,,,6668
50652853,50663004,0,0,0,87,0,0.047,0,,,,,1049
37789299,54770082,0,0,0,340,0,0.031,0,,,,,1
60822398,60827811,0,0,0,12,0,0.022,0,,,,,15
50569314,50584209,0,0,0,1,0,0.047,0,,,,,135
42561714,50554584,0,0,0,268,0,0.038,0,,,,,905
50539913,50549961,0,0,0,4,0,0.062,0,,,,,35
50499991,50502536,0,0,0,1,0,0.038,0,,,,,3
50483582,50487229,0,0,0,1,0,0.047,0,,,,,136
50341423,50472929,0,0,0,1,0,0.015,0,,,,,6309
34020079,50452750,0,0,0,555,0,0.038,0,,,,,3
46195370,50291766,0,0,0,1,0,0.047,0,,,,,23
50273919,50290782,0,0,0,1,0,0.031,0,,,,,781
50243929,50258307,0,0,0,10,0,0.038,0,,,,,3
60797216,60811581,0,0,0,6613,0,0.116,0,,,,,62
50237076,50256439,0,0,0,5384,0,0.085,0,,,,,7766
50229410,50231104,0,0,0,2,0,0.031,0,,,,,2
50111566,50128349,0,0,0,173,0,0.053,0,,,,,336
50062132,50231159,0,0,0,3,0,0.032,0,,,,,161
24626769,-100,0,0,0,-100,0,0.147,0,,,,,6469
33769770,50023898,0,0,0,1023,0,0.037,0,,,,,7513
49746686,49813500,0,0,0,1,0,0.031,0,,,,,4560
28579361,49967559,0,0,0,16,0,0.054,0,,,,,1
49859149,50728217,0,0,0,3,0,0.062,0,,,,,147
45915720,60807293,0,0,0,115,0,0.054,0,,,,,1
49834827,49856205,0,0,0,1,0,0.047,0,,,,,75
49743774,49818889,0,0,0,4,0,0.031,0,,,,,956
49756005,49763045,0,0,0,59,0,0.038,0,,,,,1194
49628570,-100,0,0,0,-100,0,0.1,0,,,,,1
43371723,-100,0,0,0,-100,0,0.084,0,,,,,34
49640909,49711972,0,0,0,2,0,0.032,0,,,,,8817
49554201,49665486,0,0,0,947,0,0.069,0,,,,,65
46607506,-100,0,0,0,-100,0,0.1,0,,,,,1
20850483,49588582,0,0,0,6454,0,0.1,0,,,,,7
49517374,49521036,0,0,0,291,0,0.031,0,,,,,7026
60766742,60804415,0,0,0,454,0,0.054,0,,,,,957
45720125,49509228,0,0,0,5,0,0.016,0,,,,,168
30399446,49459779,0,0,0,680,0,0.046,0,,,,,811
49435594,58598873,0,0,0,61,0,0.054,0,,,,,4416
47444012,49366830,0,0,0,8794,0,0.115,0,,,,,991
46295687,55735530,0,0,0,1,0,0.032,0,,,,,2
49229558,49269338,0,0,0,71,0,0.037,0,,,,,293
49184274,-100,0,0,0,-100,0,0.132,0,,,,,798
49115813,-100,0,0,0,-100,0,0.084,0,,,,,958
60321495,60327158,0,0,0,31,0,0.032,0,,,,,1
61958925,62012913,0,0,0,9,0,0.031,0,,,,,282
19858729,60757051,0,0,0,4,0,0.038,0,,,,,104
49109933,49111594,0,0,0,948,0,0.047,0,,,,,76
49041280,49074570,0,0,0,7,0,0.031,0,,,,,267
20592611,49400778,0,0,0,374,0,0.038,0,,,,,8596
48924219,48961927,0,0,0,1,0,0.015,0,,,,,75
45663125,48928383,0,0,0,7,0,0.031,0,,,,,193
48912908,48913362,0,0,0,2,0,0.023,0,,,,,364
9298765,-100,0,0,0,-100,0,0.093,0,,,,,139
44190450,48838222,0,0,0,583,0,0.023,0,,,,,1
48657034,48836376,0,0,0,4439,0,0.062,0,,,,,35
48819333,48835435,0,0,0,60,0,0.038,0,,,,,4161
60660622,-100,0,0,0,-100,0,0.116,0,,,,,2
48713927,-100,0,0,0,-100,0,0.1,0,,,,,141
48627287,48659095,0,0,0,9,0,0.031,0,,,,,75
48454816,48638350,0,0,0,6606,0,0.1,0,,,,,1106
48534448,48552238,0,0,0,6318,0,0.101,0,,,,,1
48433790,48511974,0,0,0,842,0,0.037,0,,,,,1
48469441,48472163,0,0,0,108,0,0.032,0,,,,,47
46649403,48306010,0,0,0,25,0,0.031,0,,,,,1076
30491545,48634449,0,0,0,4,0,0.031,0,,,,,1758
48357595,-100,0,0,0,-100,0,0.085,0,,,,,226
48333425,48341878,0,0,0,25,0,0.022,0,,,,,7
57467046,60656445,0,0,0,117,0,0.031,0,,,,,1
40962006,-100,0,0,0,-100,0,0.116,0,,,,,1
48337624,48394545,0,0,0,1,0,0.016,0,,,,,1
48336742,48339884,0,0,0,8987,0,0.1,0,,,,,478
48332680,48351931,0,0,0,115,0,0.038,0,,,,,6586
48142634,-100,0,0,0,-100,0,0.1,0,,,,,53
48128383,-100,0,0,0,-100,0,0.131,0,,,,,3
47934438,48104724,0,0,0,1427,0,0.069,0,,,,,2488
48056851,48072338,0,0,0,1,0,0.031,0,,,,,1
48052270,48055272,0,0,0,949,0,0.069,0,,,,,143
60330449,60556267,0,0,0,107,0,0.032,0,,,,,1
48022642,-100,0,0,0,-100,0,0.147,0,,,,,128
35902360,46748965,0,0,0,791,0,0.022,0,,,,,393
47950817,47976994,0,0,0,375,0,0.047,0,,,,,1
44253848,51340323,0,0,0,2,0,0.031,0,,,,,2
33479862,47907626,0,0,0,1,0,0.022,0,,,,,10
47284664,47858957,0,0,0,1,0,0.047,0,,,,,747
60450608,60561129,0,0,0,6,0,0.031,0,,,,,145
43970831,47822694,0,0,0,1378,0,0.038,0,,,,,1
27965291,47818188,0,0,0,61,0,0.031,0,,,,,146
47777708,47781899,0,0,0,2356,0,0.054,0,,,,,25
47723890,47746656,0,0,0,1,0,0.031,0,,,,,2231
47722530,-100,0,0,0,-100,0,0.116,0,,,,,884
47730589,-100,0,0,0,-100,0,0.131,0,,,,,51
44591583,-100,0,0,0,-100,0,0.085,0,,,,,382
47644156,47704875,0,0,0,15,0,0.038,0,,,,,5736
47655487,47678029,0,0,0,3580,0,0.078,0,,,,,65
47552930,47625279,0,0,0,2,0,0.038,0,,,,,1
47537760,47596739,0,0,0,26,0,0.046,0,,,,,191
47570984,47590287,0,0,0,1205,0,0.054,0,,,,,1
47446458,-100,0,0,0,-100,0,0.131,0,,,,,14
40682615,47540782,0,0,0,2,0,0.032,0,,,,,2191
47474279,47495118,0,0,0,1,0,0.022,0,,,,,3285
46239615,47475923,0,0,0,78,0,0.031,0,,,,,1
47274691,47429271,0,0,0,607,0,0.031,0,,,,,308
47405422,52335837,0,0,0,1,0,0.038,0,,,,,9
47315053,47319479,0,0,0,3556,0,0.047,0,,,,,1418
47083455,-100,0,0,0,-100,0,0.069,0,,,,,154
25023731,47273104,0,0,0,98,0,0.031,0,,,,,914
46972679,47179207,0,0,0,1460,0,0.047,0,,,,,1
25866788,47171585,0,0,0,1549,0,0.053,0,,,,,962
47152855,50663500,0,0,0,9361,0,0.132,0,,,,,4887
43483497,54579436,0,0,0,170,0,0.038,0,,,,,532
47083707,55056600,0,0,0,1,0,0.047,0,,,,,2
47074159,47080518,0,0,0,1585,0,0.053,0,,,,,150
43435385,47071014,0,0,0,1,0,0.031,0,,,,,80
58897330,61496833,0,0,0,3,0,0.053,0,,,,,28
47044939,47048035,0,0,0,3,0,0.047,0,,,,,29
46963049,46986535,0,0,0,63,0,0.032,0,,,,,930
46934574,-100,0,0,0,-100,0,0.138,0,,,,,138
46857193,-100,0,0,0,-100,0,0.084,0,,,,,1402
46842293,46872965,0,0,0,5,0,0.032,0,,,,,187
37761096,-100,0,0,0,-100,0,0.131,0,,,,,1
46842118,46901745,0,0,0,2,0,0.038,0,,,,,1
46818951,46839455,0,0,0,1,0,0.031,0,,,,,3277
46823110,46832976,0,0,0,462,0,0.047,0,,,,,4
46799063,48306565,0,0,0,65,0,0.038,0,,,,,58
46684038,46770761,0,0,0,110,0,0.015,0,,,,,16
34826602,-100,0,0,0,-100,0,0.147,0,,,,,1
33954292,-100,0,0,0,-100,0,0.138,0,,,,,31
46747475,46759058,0,0,0,57,0,0.046,0,,,,,81
46643184,46650208,0,0,0,1,0,0.039,0,,,,,694
41010050,-100,0,0,0,-100,0,0.147,0,,,,,11
46580556,-100,0,0,0,-100,0,0.1,0,,,,,102
46420106,-100,0,0,0,-100,0,0.132,0,,,,,32
46377973,-100,0,0,0,-100,0,0.116,0,,,,,1
37579756,-100,0,0,0,-100,0,0.107,0,,,,,1
45870948,46366116,0,0,0,94,0,0.031,0,,,,,258
46360218,46361342,0,0,0,1040,0,0.047,0,,,,,1583
46348193,46352515,0,0,0,4,0,0.022,0,,,,,7361
35205795,-100,0,0,0,-100,0,0.116,0,,,,,39
61873468,61900256,0,0,0,1,0,0.015,0,,,,,4466
46298066,46430561,0,0,0,79,0,0.032,0,,,,,10
46287086,52469245,0,0,0,6547,0,0.116,0,,,,,9631
46266078,-100,0,0,0,-100,0,0.122,0,,,,,33
42912608,46186549,0,0,0,1,0,0.031,0,,,,,7
46151452,49880546,0,0,0,52,0,0.031,0,,,,,9
36110977,-100,0,0,0,-100,0,0.085,0,,,,,5
46059697,-100,0,0,0,-100,0,0.116,0,,,,,1
45968501,45983949,0,0,0,2,0,0.037,0,,,,,605
45948534,53569414,0,0,0,5,0,0.032,0,,,,,1
45929263,45929671,0,0,0,779,0,0.031,0,,,,,20
45907614,-100,0,0,0,-100,0,0.116,0,,,,,1
45891034,45899768,0,0,0,1,0,0.038,0,,,,,154
45873483,60930523,0,0,0,72,0,0.031,0,,,,,1
37450698,55560381,0,0,0,136,0,0.015,0,,,,,2324
13675380,45813247,0,0,0,74,0,0.038,0,,,,,1535
45779447,45859005,0,0,0,1269,0,0.031,0,,,,,2
45670637,45726959,0,0,0,6,0,0.032,0,,,,,1
45722157,59174298,0,0,0,681,0,0.037,0,,,,,76
45721802,-100,0,0,0,-100,0,0.116,0,,,,,2010
45655879,45673142,0,0,0,1,0,0.032,0,,,,,491
49140030,-100,0,0,0,-100,0,0.115,0,,,,,147
45652340,45716873,0,0,0,4449,0,0.1,0,,,,,5589
45638529,-100,0,0,0,-100,0,0.085,0,,,,,721
45206230,-100,0,0,0,-100,0,0.1,0,,,,,
45607736,45627646,0,0,0,1,0,0.032,0,,,,,85
45606255,45619547,0,0,0,5,0,0.037,0,,,,,968.2689956
45572226,45579541,0,0,0,1,0,0.032,0,,,,,
45448169,45576820,0,0,0,28,0,0.015,0,,,,,
38348097,45493545,0,0,0,1349,0,0.054,0,,,,,
56979022,60647728,0,0,0,4614,0,0.084,0,,,,,
45476950,45552715,0,0,0,448,0,0.032,0,,,,,
45458787,-100,0,0,0,-100,0,0.1,0,,,,,
45405167,61117221,0,0,0,582,0,0.031,0,,,,,
45357806,45375409,0,0,0,123,0,0.038,0,,,,,
45351663,-100,0,0,0,-100,0,0.131,0,,,,,
45321041,45322657,0,0,0,271,0,0.016,0,,,,,
44334535,-100,0,0,0,-100,0,0.1,0,,,,,
26244530,-100,0,0,0,-100,0,0.1,0,,,,,
53813758,60436142,0,0,0,1405,0,0.053,0,,,,,
45279880,45556677,0,0,0,223,0,0.032,0,,,,,
24920396,61463661,0,0,0,79,0,0.031,0,,,,,
45265792,45266834,0,0,0,111,0,0.016,0,,,,,
45117125,-100,0,0,0,-100,0,0.138,0,,,,,
45134735,45242969,0,0,0,2,0,0.031,0,,,,,
45219994,-100,0,0,0,-100,0,0.1,0,,,,,
45119432,45185979,0,0,0,751,0,0.047,0,,,,,
45222720,45251117,0,0,0,20,0,0.022,0,,,,,
41477776,47041415,0,0,0,2,0,0.016,0,,,,,
60289954,60310790,0,0,0,1,0,0.031,0,,,,,
45157057,-100,0,0,0,-100,0,0.1,0,,,,,
43712843,-100,0,0,0,-100,0,0.069,0,,,,,
45147082,-100,0,0,0,-100,0,0.132,0,,,,,
45047885,-100,0,0,0,-100,0,0.085,0,,,,,
33482308,-100,0,0,0,-100,0,0.184,0,,,,,
44973544,45015794,0,0,0,4706,0,0.069,0,,,,,
40557147,44961347,0,0,0,694,0,0.047,0,,,,,
26331030,39914775,0,0,0,1,0,0.031,0,,,,,
55345679,60285820,0,0,0,145,0,0.038,0,,,,,
44930704,-100,0,0,0,-100,0,0.116,0,,,,,
44916792,44921411,0,0,0,113,0,0.031,0,,,,,
16397526,-100,0,0,0,-100,0,0.116,0,,,,,
44728704,-100,0,0,0,-100,0,0.085,0,,,,,
44419857,44802712,0,0,0,6,0,0.031,0,,,,,
44786138,44787310,0,0,0,2006,0,0.069,0,,,,,
44721152,-100,0,0,0,-100,0,0.138,0,,,,,
44697183,44718072,0,0,0,48,0,0.031,0,,,,,
44666715,44688711,0,0,0,29,0,0.031,0,,,,,
36110815,44608687,0,0,0,92,0,0.038,0,,,,,
60200275,60371743,0,0,0,1,0,0.078,0,,,,,
44158882,44538939,0,0,0,83,0,0.045,0,,,,,
44509287,44661961,0,0,0,2,0,0.058,0,,,,,
44467559,44504592,0,0,0,951,0,0.05,0,,,,,
44457243,44473379,0,0,0,1,0,0.068,0,,,,,
44434739,44456676,0,0,0,72,0,0.022,0,,,,,
42604439,42757183,0,0,0,9,0,0.038,0,,,,,
42864262,-100,0,0,0,-100,0,0.113,0,,,,,
44411575,56254631,0,0,0,139,0,0.048,0,,,,,
44335165,45311909,0,0,0,38,0,0.031,0,,,,,
60160905,-100,0,0,0,-100,0,0.076,0,,,,,
34865789,-100,0,0,0,-100,0,0.115,0,,,,,
44262563,44279773,0,0,0,6462,0,0.085,0,,,,,
44239415,44242299,0,0,0,1,0,0.047,0,,,,,
44245666,44250468,0,0,0,1,0,0.031,0,,,,,
44005847,44147299,0,0,0,1,0,0.022,0,,,,,
36520813,44143423,0,0,0,4098,0,0.085,0,,,,,
44120395,44136481,0,0,0,873,0,0.047,0,,,,,
60132869,-100,0,0,0,-100,0,0.1,0,,,,,
44030594,44094497,0,0,0,8,0,0.031,0,,,,,
36065232,36699272,0,0,0,115,0,0.023,0,,,,,
43850293,44021913,0,0,0,1,0,0.031,0,,,,,
32723761,44003391,0,0,0,1,0,0.047,0,,,,,
43990569,-100,0,0,0,-100,0,0.1,0,,,,,
43981187,-100,0,0,0,-100,0,0.085,0,,,,,
46365317,61320722,0,0,0,566,0,0.037,0,,,,,
43654787,60112609,0,0,0,116,0,0.016,0,,,,,
30902906,44549464,0,0,0,130,0,0.031,0,,,,,
27597932,43762009,0,0,0,6478,0,0.116,0,,,,,
43731301,43737524,0,0,0,935,0,0.038,0,,,,,
43694637,43706199,0,0,0,20,0,0.031,0,,,,,
43660562,45212781,0,0,0,1,0,0.031,0,,,,,
13272612,43616480,0,0,0,17,0,0.038,0,,,,,
13088770,43596486,0,0,0,1,0,0.031,0,,,,,
42058059,47222764,0,0,0,110,0,0.032,0,,,,,
40652012,43551312,0,0,0,40,0,0.053,0,,,,,
42449257,43536583,0,0,0,360,0,0.031,0,,,,,
15259139,-100,0,0,0,-100,0,0.085,0,,,,,
45549449,46319137,0,0,0,1273,0,0.031,0,,,,,
43515925,43518958,0,0,0,1,0,0.038,0,,,,,
43209809,-100,0,0,0,-100,0,0.132,0,,,,,
43480866,43481085,0,0,0,1,0,0.024,0,,,,,
43460760,43526149,0,0,0,37,0,0.044,0,,,,,
25258817,43343590,0,0,0,5725,0,0.063,0,,,,,
30396755,60062217,0,0,0,26,0,0.037,0,,,,,
43337147,43383010,0,0,0,6463,0,0.078,0,,,,,
19748205,-100,0,0,0,-100,0,0.123,0,,,,,
35651669,-100,0,0,0,-100,0,0.116,0,,,,,
43297797,43298666,0,0,0,14,0,0.015,0,,,,,
31471808,-100,0,0,0,-100,0,0.101,0,,,,,
43261430,43281803,0,0,0,6879,0,0.084,0,,,,,
43275478,43293369,0,0,0,507,0,0.032,0,,,,,
60062311,60062827,0,0,0,113,0,0.031,0,,,,,
43189512,44551816,0,0,0,30,0,0.038,0,,,,,
42974231,-100,0,0,0,-100,0,0.131,0,,,,,
42771185,43046753,0,0,0,447,0,0.031,0,,,,,
26896087,47637321,0,0,0,1743,0,0.054,0,,,,,
43000077,43002416,0,0,0,118,0,0.021,0,,,,,
15670151,-100,0,0,0,-100,0,0.079,0,,,,,
42789833,42790422,0,0,0,78,0,0.031,0,,,,,
42763280,47523919,0,0,0,33,0,0.038,0,,,,,
59960252,59978973,0,0,0,3530,0,0.062,0,,,,,
42695298,45923632,0,0,0,6,0,0.038,0,,,,,
42674516,42681880,0,0,0,119,0,0.031,0,,,,,
42611836,56182271,0,0,0,1,0,0.032,0,,,,,
42578273,42596449,0,0,0,440,0,0.031,0,,,,,
42595256,-100,0,0,0,-100,0,0.085,0,,,,,
42587758,42588378,0,0,0,4455,0,0.069,0,,,,,
30261383,42572023,0,0,0,33,0,0.031,0,,,,,
42524450,49924813,0,0,0,14,0,0.022,0,,,,,
42469003,42491624,0,0,0,30,0,0.031,0,,,,,
42426970,42461697,0,0,0,153,0,0.031,0,,,,,
59887908,59904916,0,0,0,831,0,0.054,0,,,,,
42304924,42446365,0,0,0,5577,0,0.062,0,,,,,
41879049,42431720,0,0,0,14,0,0.023,0,,,,,
41088751,-100,0,0,0,-100,0,0.1,0,,,,,
32129191,42215523,0,0,0,469,0,0.031,0,,,,,
42105259,42242497,0,0,0,121,0,0.047,0,,,,,
36335498,42208566,0,0,0,373,0,0.022,0,,,,,
21614443,-100,0,0,0,-100,0,0.116,0,,,,,
35799426,-100,0,0,0,-100,0,0.115,0,,,,,
42084356,42084833,0,0,0,122,0,0.032,0,,,,,
59570555,-100,0,0,0,-100,0,0.1,0,,,,,
41925706,41936951,0,0,0,224,0,0.031,0,,,,,
24904683,41918861,0,0,0,1,0,0.022,0,,,,,
41723575,41909242,0,0,0,974,0,0.032,0,,,,,
41817623,-100,0,0,0,-100,0,0.1,0,,,,,
41783245,44398360,0,0,0,31,0,0.031,0,,,,,
41731684,-100,0,0,0,-100,0,0.138,0,,,,,
41699952,41739418,0,0,0,123,0,0.016,0,,,,,
12394855,41730532,0,0,0,273,0,0.047,0,,,,,
26123516,41670314,0,0,0,21,0,0.022,0,,,,,
33442362,59212970,0,0,0,14,0,0.031,0,,,,,
58314023,59791480,0,0,0,87,0,0.047,0,,,,,
27787116,41634744,0,0,0,22,0,0.022,0,,,,,
41608294,41628450,0,0,0,3,0,0.031,0,,,,,
41597604,41616407,0,0,0,3184,0,0.085,0,,,,,
41596273,41605723,0,0,0,109,0,0.031,0,,,,,
25905144,41589266,0,0,0,1373,0,0.031,0,,,,,
41471757,-100,0,0,0,-100,0,0.116,0,,,,,
14882033,28025911,0,0,0,276,0,0.022,0,,,,,
33505541,-100,0,0,0,-100,0,0.1,0,,,,,
41133617,41190862,0,0,0,1,0,0.016,0,,,,,
33180058,-100,0,0,0,-100,0,0.132,0,,,,,
53245233,-100,0,0,0,-100,0,0.084,0,,,,,
13577918,-100,0,0,0,-100,0,0.085,0,,,,,
30671958,-100,0,0,0,-100,0,0.131,0,,,,,
40942717,40953151,0,0,0,1,0,0.038,0,,,,,
40819971,40831975,0,0,0,282,0,0.016,0,,,,,
36110331,-100,0,0,0,-100,0,0.084,0,,,,,
40789601,-100,0,0,0,-100,0,0.101,0,,,,,
37924896,-100,0,0,0,-100,0,0.093,0,,,,,
40461380,-100,0,0,0,-100,0,0.138,0,,,,,
40689434,40713096,0,0,0,8249,0,0.148,0,,,,,
40596609,40636032,0,0,0,3,0,0.022,0,,,,,
59716982,59718745,0,0,0,5727,0,0.078,0,,,,,
9502003,-100,0,0,0,-100,0,0.1,0,,,,,
1975110,61855935,0,0,0,456,0,0.022,0,,,,,
22305023,40554479,0,0,0,3261,0,0.078,0,,,,,
40538304,-100,0,0,0,-100,0,0.123,0,,,,,
37085732,40327657,0,0,0,2423,0,0.047,0,,,,,
40250072,40250691,0,0,0,81,0,0.053,0,,,,,
32686195,54464295,0,0,0,2,0,0.016,0,,,,,
31796914,40225786,0,0,0,1489,0,0.062,0,,,,,
38525383,56871943,0,0,0,4456,0,0.085,0,,,,,
61798169,61876254,0,0,0,5223,0,0.085,0,,,,,
59717301,59717624,0,0,0,1,0,0.015,0,,,,,
40182340,40185121,0,0,0,138,0,0.038,0,,,,,
30237310,40709975,0,0,0,1067,0,0.047,0,,,,,
40120094,40143388,0,0,0,91,0,0.025,0,,,,,
40035067,40044958,0,0,0,972,0,0.059,0,,,,,
39993117,-100,0,0,0,-100,0,0.1,0,,,,,
15978985,47418127,0,0,0,2108,0,0.047,0,,,,,
39808631,39832436,0,0,0,830,0,0.038,0,,,,,
34522732,55100069,0,0,0,8,0,0.031,0,,,,,
59639543,59653531,0,0,0,30,0,0.016,0,,,,,
32821369,-100,0,0,0,-100,0,0.116,0,,,,,
39779573,39792781,0,0,0,1360,0,0.069,0,,,,,
39746947,39833768,0,0,0,6,0,0.047,0,,,,,
39694490,-100,0,0,0,-100,0,0.106,0,,,,,
39628872,39633863,0,0,0,952,0,0.032,0,,,,,
39623094,39642725,0,0,0,806,0,0.031,0,,,,,
25020788,-100,0,0,0,-100,0,0.1,0,,,,,
25693082,-100,0,0,0,-100,0,0.138,0,,,,,
36033449,39507019,0,0,0,1865,0,0.094,0,,,,,
34096162,-100,0,0,0,-100,0,0.122,0,,,,,
51699452,59584695,0,0,0,54,0,0.032,0,,,,,
50467457,56983105,0,0,0,1,0,0.046,0,,,,,
39420095,39690633,0,0,0,1,0,0.023,0,,,,,
36620585,39207125,0,0,0,486,0,0.031,0,,,,,
39176643,-100,0,0,0,-100,0,0.116,0,,,,,
12304963,-100,0,0,0,-100,0,0.084,0,,,,,
39024390,39171890,0,0,0,1,0,0.069,0,,,,,
39166027,39173002,0,0,0,373,0,0.032,0,,,,,
39128344,39150367,0,0,0,181,0,0.031,0,,,,,
57394946,-100,0,0,0,-100,0,0.1,0,,,,,
35699399,39042064,0,0,0,228,0,0.038,0,,,,,
39023962,-100,0,0,0,-100,0,0.116,0,,,,,
15703702,48307007,0,0,0,246,0,0.031,0,,,,,
39006840,39027770,0,0,0,31,0,0.031,0,,,,,
9503896,23045866,0,0,0,1219,0,0.038,0,,,,,
38971260,38976959,0,0,0,128,0,0.031,0,,,,,
36040542,38900293,0,0,0,1245,0,0.054,0,,,,,
38559429,38900796,0,0,0,778,0,0.035,0,,,,,
59397169,-100,0,0,0,-100,0,0.081,0,,,,,
3810927,55853359,0,0,0,68,0,0.031,0,,,,,
38864458,38948553,0,0,0,25,0,0.038,0,,,,,
38861041,52478475,0,0,0,5593,0,0.093,0,,,,,
30656846,44691580,0,0,0,3264,0,0.054,0,,,,,
38822132,-100,0,0,0,-100,0,0.153,0,,,,,
38056641,38791517,0,0,0,582,0,0.047,0,,,,,
38782051,60423973,0,0,0,147,0,0.032,0,,,,,
38733571,38779478,0,0,0,130,0,0.022,0,,,,,
38675292,38682488,0,0,0,131,0,0.031,0,,,,,
38658033,38916875,0,0,0,405,0,0.047,0,,,,,
59408283,59413766,0,0,0,1,0,0.022,0,,,,,
38660467,38847645,0,0,0,1,0,0.031,0,,,,,
38639289,-100,0,0,0,-100,0,0.147,0,,,,,
38478139,38607045,0,0,0,1617,0,0.054,0,,,,,
47651868,49120060,0,0,0,132,0,0.031,0,,,,,
38563885,54919400,0,0,0,5729,0,0.085,0,,,,,
38540093,-100,0,0,0,-100,0,0.1,0,,,,,
34764830,38534383,0,0,0,5706,0,0.085,0,,,,,
38102921,38486163,0,0,0,128,0,0.031,0,,,,,
48651010,59396848,0,0,0,1,0,0.015,0,,,,,
31955051,38493318,0,0,0,72,0,0.023,0,,,,,
29601156,30047010,0,0,0,954,0,0.047,0,,,,,
38440350,38441722,0,0,0,76,0,0.031,0,,,,,
38372906,39330299,0,0,0,955,0,0.038,0,,,,,
28480625,38367392,0,0,0,78,0,0.046,0,,,,,
32181742,38335734,0,0,0,3221,0,0.054,0,,,,,
38295777,38297989,0,0,0,5730,0,0.084,0,,,,,
35525240,38277826,0,0,0,1494,0,0.032,0,,,,,
38230957,-100,0,0,0,-100,0,0.147,0,,,,,
38197844,-100,0,0,0,-100,0,0.122,0,,,,,
59380554,59395052,0,0,0,1,0,0.031,0,,,,,
38177908,38223003,0,0,0,24,0,0.047,0,,,,,
38133485,38192010,0,0,0,1049,0,0.069,0,,,,,
38169765,38289656,0,0,0,19,0,0.069,0,,,,,
38104901,38109623,0,0,0,73,0,0.047,0,,,,,
24881923,38101558,0,0,0,1040,0,0.09,0,,,,,
28233561,-100,0,0,0,-100,0,0.111,0,,,,,
27850123,-100,0,0,0,-100,0,0.139,0,,,,,
38036680,48211887,0,0,0,423,0,0.061,0,,,,,
37974317,-100,0,0,0,-100,0,0.118,0,,,,,
31815294,-100,0,0,0,-100,0,0.163,0,,,,,
59360232,59376487,0,0,0,91,0,0.053,0,,,,,
37878693,37881270,0,0,0,316,0,0.031,0,,,,,
34266186,37861578,0,0,0,162,0,0.032,0,,,,,
37800390,37817299,0,0,0,38,0,0.053,0,,,,,
37719503,37830819,0,0,0,5161,0,0.116,0,,,,,
37714152,37715085,0,0,0,145,0,0.069,0,,,,,
21651978,37667335,0,0,0,942,0,0.062,0,,,,,
26449666,37651470,0,0,0,4,0,0.038,0,,,,,
49762128,51753158,0,0,0,157,0,0.031,0,,,,,
13812373,34221612,0,0,0,437,0,0.053,0,,,,,
27368770,-100,0,0,0,-100,0,0.201,0,,,,,
29736577,-100,0,0,0,-100,0,0.132,0,,,,,
36670065,37521669,0,0,0,1,0,0.031,0,,,,,
25340847,44486551,0,0,0,6668,0,0.138,0,,,,,
28538161,37430604,0,0,0,1049,0,0.047,0,,,,,
26269122,-100,0,0,0,-100,0,0.084,0,,,,,
37393329,37515454,0,0,0,1,0,0.032,0,,,,,
37274007,37349878,0,0,0,15,0,0.015,0,,,,,
37266143,37301838,0,0,0,135,0,0.022,0,,,,,
37122216,37284287,0,0,0,905,0,0.047,0,,,,,
14023423,37273149,0,0,0,35,0,0.035,0,,,,,
43251214,61868853,0,0,0,3,0,0.019,0,,,,,
52606467,59248550,0,0,0,136,0,0.016,0,,,,,
29593177,40966634,0,0,0,6309,0,0.116,0,,,,,
37144856,-100,0,0,0,-100,0,0.069,0,,,,,
37193380,37200885,0,0,0,3,0,0.031,0,,,,,
37195322,-100,0,0,0,-100,0,0.085,0,,,,,
19234796,-100,0,0,0,-100,0,0.147,0,,,,,
37059281,37071001,0,0,0,23,0,0.022,0,,,,,
37059404,42826234,0,0,0,781,0,0.047,0,,,,,
37011952,-100,0,0,0,-100,0,0.116,0,,,,,
36974450,36974742,0,0,0,3,0,0.037,0,,,,,
32544646,36969907,0,0,0,62,0,0.032,0,,,,,
59204544,59242628,0,0,0,7766,0,0.084,0,,,,,
36936613,-100,0,0,0,-100,0,0.116,0,,,,,
36919953,36925855,0,0,0,2,0,0.031,0,,,,,
35973507,36865202,0,0,0,336,0,0.038,0,,,,,
37110555,37133471,0,0,0,161,0,0.047,0,,,,,
33925430,36897594,0,0,0,6469,0,0.1,0,,,,,
36790376,36950037,0,0,0,7513,0,0.1,0,,,,,
34213765,36817423,0,0,0,4560,0,0.069,0,,,,,
36648502,-100,0,0,0,-100,0,0.148,0,,,,,
59159729,59197298,0,0,0,1,0,0.037,0,,,,,
36669528,36673576,0,0,0,147,0,0.016,0,,,,,
36651189,36652015,0,0,0,1,0,0.031,0,,,,,
34454034,-100,0,0,0,-100,0,0.085,0,,,,,
36478278,47519624,0,0,0,75,0,0.031,0,,,,,
36431158,36454567,0,0,0,956,0,0.069,0,,,,,
36260816,36277222,0,0,0,1194,0,0.031,0,,,,,
34345945,36255181,0,0,0,1,0,0.032,0,,,,,
36238521,36249586,0,0,0,34,0,0.022,0,,,,,
36232684,36233318,0,0,0,8817,0,0.1,0,,,,,
59184868,59192861,0,0,0,65,0,0.031,0,,,,,
36205419,36208785,0,0,0,1,0,0.032,0,,,,,
27953588,49570793,0,0,0,7,0,0.022,0,,,,,
36187931,51407129,0,0,0,7026,0,0.115,0,,,,,
36094718,36141451,0,0,0,957,0,0.063,0,,,,,
35462144,36065327,0,0,0,168,0,0.038,0,,,,,
35866379,36014676,0,0,0,811,0,0.047,0,,,,,
59190193,59193797,0,0,0,4416,0,0.115,0,,,,,
36041601,36043244,0,0,0,991,0,0.054,0,,,,,
33251264,-100,0,0,0,-100,0,0.147,0,,,,,
33858596,-100,0,0,0,-100,0,0.069,0,,,,,
36023558,36039026,0,0,0,2,0,0.047,0,,,,,
3165346,-100,0,0,0,-100,0,0.107,0,,,,,
35891062,35933702,0,0,0,293,0,0.031,0,,,,,
7227976,40802404,0,0,0,798,0,0.031,0,,,,,
35725156,35859083,0,0,0,958,0,0.038,0,,,,,
35834739,-100,0,0,0,-100,0,0.1,0,,,,,
59153010,59187457,0,0,0,1,0,0.02,0,,,,,
35614425,-100,0,0,0,-100,0,0.143,0,,,,,
34158723,35677857,0,0,0,282,0,0.069,0,,,,,
34896004,35660588,0,0,0,104,0,0.016,0,,,,,
35585428,35637012,0,0,0,76,0,0.031,0,,,,,
45824409,45826042,0,0,0,267,0,0.038,0,,,,,
35330207,35471802,0,0,0,8596,0,0.147,0,,,,,
28384164,35443537,0,0,0,75,0,0.031,0,,,,,
35439914,35440235,0,0,0,193,0,0.022,0,,,,,
2331070,35434760,0,0,0,364,0,0.047,0,,,,,
35432923,35443059,0,0,0,139,0,0.031,0,,,,,
59119580,59158870,0,0,0,1,0,0.023,0,,,,,
30116606,-100,0,0,0,-100,0,0.1,0,,,,,
34433063,35353464,0,0,0,35,0,0.047,0,,,,,
35381180,48263456,0,0,0,4161,0,0.069,0,,,,,
35359622,35452191,0,0,0,2,0,0.015,0,,,,,
35322815,-100,0,0,0,-100,0,0.069,0,,,,,
35306306,35319824,0,0,0,141,0,0.016,0,,,,,
31092005,35266730,0,0,0,75,0,0.031,0,,,,,
3386850,35215579,0,0,0,1106,0,0.038,0,,,,,
35224338,35234038,0,0,0,1,0,0.024,0,,,,,
35126517,-100,0,0,0,-100,0,0.092,0,,,,,
59113457,59117165,0,0,0,1,0,0.031,0,,,,,
35075215,35118287,0,0,0,47,0,0.031,0,,,,,
35040579,35056668,0,0,0,1076,0,0.053,0,,,,,
35025145,43131595,0,0,0,1758,0,0.047,0,,,,,
34994790,35006572,0,0,0,226,0,0.022,0,,,,,
33015823,34983149,0,0,0,7,0,0.032,0,,,,,
34973314,-100,0,0,0,-100,0,0.131,0,,,,,
34898222,34903368,0,0,0,1,0,0.054,0,,,,,
32206623,-100,0,0,0,-100,0,0.1,0,,,,,
32999460,-100,0,0,0,-100,0,0.1,0,,,,,
34704733,35491015,0,0,0,1,0,0.047,0,,,,,
58890738,59047386,0,0,0,1,0,0.031,0,,,,,
34389797,34711685,0,0,0,478,0,0.038,0,,,,,
13167531,39446852,0,0,0,6586,0,0.085,0,,,,,
32724775,34667618,0,0,0,53,0,0.015,0,,,,,
34619117,34631794,0,0,0,3,0,0.032,0,,,,,
23309687,49146550,0,0,0,2488,0,0.053,0,,,,,
33530066,34579494,0,0,0,1,0,0.02,0,,,,,
34508834,34514683,0,0,0,143,0,0.016,0,,,,,
31388329,-100,0,0,0,-100,0,0.149,0,,,,,
25829504,34365360,0,0,0,1,0,0.046,0,,,,,
22009871,34328105,0,0,0,128,0,0.032,0,,,,,
26177565,-100,0,0,0,-100,0,0.122,0,,,,,
14563531,-100,0,0,0,-100,0,0.116,0,,,,,
34286905,45206286,0,0,0,393,0,0.031,0,,,,,
34213315,34245295,0,0,0,1,0,0.032,0,,,,,
34244210,38942118,0,0,0,2,0,0.037,0,,,,,
32018521,32830382,0,0,0,10,0,0.032,0,,,,,
34230391,34694775,0,0,0,747,0,0.046,0,,,,,
61783029,61793558,0,0,0,145,0,0.023,0,,,,,
28979857,34214859,0,0,0,1,0,0.046,0,,,,,
3480222,36073503,0,0,0,146,0,0.038,0,,,,,
33920330,34061912,0,0,0,25,0,0.016,0,,,,,
34001333,34018634,0,0,0,2231,0,0.062,0,,,,,
19054092,33989595,0,0,0,884,0,0.054,0,,,,,
19439689,33945984,0,0,0,51,0,0.015,0,,,,,
33890896,-100,0,0,0,-100,0,0.069,0,,,,,
33784656,33877410,0,0,0,382,0,0.025,0,,,,,
33787624,-100,0,0,0,-100,0,0.122,0,,,,,
26796829,33775239,0,0,0,5736,0,0.069,0,,,,,
33748871,33750235,0,0,0,65,0,0.047,0,,,,,
33707796,33733102,0,0,0,1,0,0.022,0,,,,,
32624120,33694457,0,0,0,191,0,0.016,0,,,,,
23528862,-100,0,0,0,-100,0,0.132,0,,,,,
33597728,33613830,0,0,0,1,0,0.031,0,,,,,
33574457,33609538,0,0,0,14,0,0.006,0,,,,,
9315258,-100,0,0,0,-100,0,0.147,0,,,,,
32257970,33983298,0,0,0,2191,0,0.031,0,,,,,
33555002,34591487,0,0,0,3285,0,0.069,0,,,,,
33419325,-100,0,0,0,-100,0,0.148,0,,,,,
33447901,33472328,0,0,0,1,0,0.022,0,,,,,
31365768,33400250,0,0,0,308,0,0.031,0,,,,,
33346823,40699787,0,0,0,9,0,0.031,0,,,,,
26497751,38052325,0,0,0,1418,0,0.054,0,,,,,
33263759,33284951,0,0,0,154,0,0.023,0,,,,,
33127122,33352251,0,0,0,914,0,0.03,0,,,,,
31286965,33262480,0,0,0,1,0,0.047,0,,,,,
33237264,-100,0,0,0,-100,0,0.085,0,,,,,
24705431,60151766,0,0,0,962,0,0.047,0,,,,,
33027611,35214044,0,0,0,4887,0,0.122,0,,,,,
33117997,33143257,0,0,0,532,0,0.031,0,,,,,
25755930,31220586,0,0,0,2,0,0.063,0,,,,,
32885570,-100,0,0,0,-100,0,0.107,0,,,,,
12907198,32883453,0,0,0,150,0,0.015,0,,,,,
16947431,32803727,0,0,0,80,0,0.063,0,,,,,
58993738,59006401,0,0,0,28,0,0.022,0,,,,,
32773617,56137091,0,0,0,29,0,0.047,0,,,,,
32721789,-100,0,0,0,-100,0,0.116,0,,,,,
21045866,-100,0,0,0,-100,0,0.116,0,,,,,
32575397,33306592,0,0,0,930,0,0.069,0,,,,,
26580129,32571956,0,0,0,138,0,0.035,0,,,,,
32558568,-100,0,0,0,-100,0,0.118,0,,,,,
52276088,53117396,0,0,0,1402,0,0.047,0,,,,,
22305444,32492667,0,0,0,187,0,0.031,0,,,,,
31381066,32411080,0,0,0,1,0,0.022,0,,,,,
58938992,58957189,0,0,0,1,0,0.047,0,,,,,
6316459,-100,0,0,0,-100,0,0.085,0,,,,,
31861569,56622368,0,0,0,3277,0,0.084,0,,,,,
32350891,32351780,0,0,0,4,0,0.032,0,,,,,
49440262,52649215,0,0,0,58,0,0.031,0,,,,,
32219451,32226508,0,0,0,16,0,0.022,0,,,,,
4794859,32206608,0,0,0,1,0,0.031,0,,,,,
32193413,32194070,0,0,0,31,0,0.047,0,,,,,
58878544,-100,0,0,0,-100,0,0.123,0,,,,,
31690007,42151880,0,0,0,81,0,0.046,0,,,,,
32106333,60661723,0,0,0,694,0,0.047,0,,,,,
32092458,-100,0,0,0,-100,0,0.101,0,,,,,
32007115,32034222,0,0,0,11,0,0.022,0,,,,,
31930616,32031432,0,0,0,102,0,0.015,0,,,,,
31979189,51944709,0,0,0,32,0,0.032,0,,,,,
31949659,31950166,0,0,0,1,0,0.026,0,,,,,
31925595,31947700,0,0,0,1,0,0.027,0,,,,,
31947727,31994387,0,0,0,258,0,0.047,0,,,,,
28034091,31859911,0,0,0,1583,0,0.037,0,,,,,
58627988,58906457,0,0,0,7361,0,0.101,0,,,,,
31923107,31938512,0,0,0,39,0,0.031,0,,,,,
31142280,32912268,0,0,0,4466,0,0.085,0,,,,,
31868370,31900708,0,0,0,10,0,0.031,0,,,,,
31837419,-100,0,0,0,-100,0,0.116,0,,,,,
9506442,58504930,0,0,0,9631,0,0.138,0,,,,,
31752889,31754530,0,0,0,33,0,0.015,0,,,,,
27779667,31729775,0,0,0,7,0,0.032,0,,,,,
31538038,31585708,0,0,0,9,0,0.053,0,,,,,
36368712,58859811,0,0,0,5,0,0.063,0,,,,,
31045512,31564834,0,0,0,1,0,0.037,0,,,,,
27135962,54426523,0,0,0,605,0,0.032,0,,,,,
31485858,-100,0,0,0,-100,0,0.131,0,,,,,
28634345,31433840,0,0,0,1,0,0.025,0,,,,,
31394755,31395435,0,0,0,20,0,0.013,0,,,,,
28987622,47663131,0,0,0,1,0,0.031,0,,,,,
30560405,31347470,0,0,0,154,0,0.047,0,,,,,
31268826,31301694,0,0,0,1,0,0.022,0,,,,,
31288513,31289164,0,0,0,2324,0,0.047,0,,,,,
58798091,58802355,0,0,0,1535,0,0.047,0,,,,,
30159041,31259932,0,0,0,2,0,0.016,0,,,,,
31075826,31221471,0,0,0,1,0,0.031,0,,,,,
30643213,31220677,0,0,0,76,0,0.031,0,,,,,
31178704,31213349,0,0,0,2010,0,0.069,0,,,,,
24845909,52559455,0,0,0,491,0,0.032,0,,,,,
31184918,32601252,0,0,0,147,0,0.037,0,,,,,
30971258,31094538,0,0,0,5589,0,0.101,0,,,,,
31089205,31092962,0,0,0,721,0,0.047,0,,,,,
9555889,-100,0,0,0,-100,0,0.069,0,,,,,
31044922,-100,0,0,0,-100,0,0.1,0,,,,,
,,,,,,,,,,,,,
,,,,,,,,,,,,,
,,,,,,,,,,,,,
,,,,,,,102.8,,,,,,
,,,hitCount=1145,total=1611,,,,,,,,,
