testpostId,trainPostId,TitleSim,BodySim,TagSim,LuceneHitRank,ProposedHitRank,lucene_hit_duration,Proposed_hit_duration_micro,Proposed_TestTrueLabel
61979426,61993479,0,0,0,0,1,0,53411,1
32857212,61760349,0,0,0,0,1,0,46871,10
58550163,58777915,0,0,0,0,1,0,39874,100
31063959,31125693,0,0,0,0,1,0,40401,1000
30946374,31050787,0,0,0,0,1,0,38377,1001
30983013,31038636,0,0,0,0,1,0,52461,1002
30470895,31018107,0,0,0,0,1,0,50420,1003
37944197,41030477,0,0,0,0,1,0,50548,1004
25934752,30932708,0,0,0,0,1,0,41899,1005
30918550,30920000,0,0,0,0,1,0,38678,1006
25946047,30888631,0,0,0,0,11,0,40520,1007
25587773,41171676,0,0,0,0,1,0,40394,1008
30778718,52526703,0,0,0,0,1,0,53851,1009
58756264,58761704,0,0,0,0,4,0,46899,101
23839142,41157332,0,0,0,0,1,0,53400,1010
30719243,30720340,0,0,0,0,2,0,62488,1011
30652116,30675761,0,0,0,0,5,0,37768,1012
30600958,30641471,0,0,0,0,6,0,62495,1013
18257642,29454883,0,0,0,0,1,0,53418,1014
30460410,30560689,0,0,0,0,2,0,46848,1016
30540644,30541130,0,0,0,0,1,0,53394,1017
30441657,48902732,0,0,0,0,3,0,46868,1018
30406560,30407769,0,0,0,0,3,0,37769,1019
51902438,58899541,0,0,0,0,1,0,46877,102
28628384,43580891,0,0,0,0,1,0,37800,1020
40901445,51249359,0,0,0,0,3,0,46896,1021
38109501,39337862,0,0,0,0,1,0,46883,1023
36571864,38601794,0,0,0,0,1,0,37807,1024
33048097,44318860,0,0,0,0,4,0,46844,1025
30113308,30115455,0,0,0,0,2,0,37804,1026
30064401,30065418,0,0,0,0,4,0,46860,1027
30060278,39418783,0,0,0,0,1,0,37768,1028
30048642,30051162,0,0,0,0,1,0,46884,1029
58685422,58689515,0,0,0,0,4,0,53387,103
29648127,29991606,0,0,0,0,5,0,46890,1030
29981195,29987611,0,0,0,0,1,0,53384,1031
29957669,42564379,0,0,0,0,5,0,62506,1032
29948919,29954519,0,0,0,0,1,0,53383,1033
29902891,29905071,0,0,0,0,1,0,62500,1034
29827948,29892116,0,0,0,0,13,0,53385,1035
29833571,29834397,0,0,0,0,5,0,46874,1036
29793398,50070741,0,0,0,0,14,0,37811,1037
19214914,29749661,0,0,0,0,1,0,62473,1038
29775461,48774624,0,0,0,0,14,0,37830,1039
58677247,58793147,0,0,0,0,6,0,46860,104
25791018,29686198,0,0,0,0,6,0,53384,1040
29583849,42723141,0,0,0,0,15,0,31249,1041
29669292,29669891,0,0,0,0,16,0,53382,1042
19895107,34539408,0,0,0,0,16,0,46878,1043
29624895,29629049,0,0,0,0,16,0,31254,1044
29500139,29550681,0,0,0,0,17,0,37790,1045
29529021,29543785,0,0,0,0,17,0,46869,1046
29504327,29547506,0,0,0,0,17,0,37806,1047
25330753,41551216,0,0,0,0,1,0,46890,1049
58648886,58649510,0,0,0,0,7,0,46896,105
29399820,29423270,0,0,0,0,1,0,53405,1050
27326929,29376031,0,0,0,0,3,0,53410,1051
29360182,29361182,0,0,0,0,3,0,46884,1052
16201906,43896337,0,0,0,0,19,0,53402,1053
39262534,51937380,0,0,0,0,1,0,46913,1055
5807766,29317192,0,0,0,0,4,0,53370,1056
29233480,29240134,0,0,0,0,8,0,46910,1057
19474552,29235114,0,0,0,0,4,0,53353,1058
29174774,29286588,0,0,0,0,21,0,46882,1059
58611777,58613149,0,0,0,0,9,0,53394,106
23588127,43478980,0,0,0,0,9,0,46910,1060
29125609,29128432,0,0,0,0,9,0,53356,1061
29102155,29119052,0,0,0,0,9,0,31288,1062
29009261,29012008,0,0,0,0,23,0,46840,1063
28964929,28988004,0,0,0,0,10,0,53430,1064
28624592,28935768,0,0,0,0,10,0,62491,1065
15960129,28789767,0,0,0,0,4,0,37769,1066
28771018,31162332,0,0,0,0,10,0,46869,1067
28725115,28730387,0,0,0,0,24,0,53389,1068
20637248,34609967,0,0,0,0,25,0,46876,1069
58593824,58595096,0,0,0,0,10,0,37762,107
28605657,28656683,0,0,0,0,25,0,62509,1070
28570289,28611858,0,0,0,0,11,0,53383,1071
28574757,52357757,0,0,0,0,5,0,46871,1072
23217681,24542583,0,0,0,0,26,0,69014,1073
28529823,28532172,0,0,0,0,11,0,53379,1074
10306474,28479568,0,0,0,0,82,0,46884,1075
28436855,31961170,0,0,0,0,11,0,53395,1076
28461220,28474903,0,0,0,0,28,0,46915,1077
28370249,41324398,0,0,0,0,28,0,31243,1078
28360148,31675416,0,0,0,0,86,0,53387,1079
58551389,58560859,0,0,0,0,5,0,31246,108
27367914,28354573,0,0,0,0,12,0,37793,1081
28306604,28332566,0,0,0,0,12,0,46893,1082
28006813,28213620,0,0,0,0,90,0,46858,1083
10207564,28190868,0,0,0,0,2,0,37774,1084
12840294,28173677,0,0,0,0,6,0,46872,1085
28159936,28162445,0,0,0,0,93,0,37770,1087
20561190,28096239,0,0,0,0,31,0,31264,1088
58531982,58542413,0,0,0,0,6,0,53356,109
45201654,45515218,0,0,0,0,32,0,31255,1090
14268814,28036294,0,0,0,0,3,0,69026,1091
20343611,27929462,0,0,0,0,32,0,46879,1092
11121385,38237350,0,0,0,0,6,0,53381,1093
27866705,27874548,0,0,0,0,6,0,62506,1094
8854046,15285089,0,0,0,0,14,0,37752,1095
10966109,31822873,0,0,0,0,14,0,62507,1096
27727590,30330104,0,0,0,0,34,0,53395,1097
26403919,27672134,0,0,0,0,6,0,46872,1098
61649029,61741207,0,0,0,0,7,0,53391,11
58516071,58524163,0,0,0,0,7,0,46879,110
27650331,27651004,0,0,0,0,7,0,37794,1103
22329685,27593677,0,0,0,0,36,0,46880,1104
27606380,27609919,0,0,0,0,15,0,46870,1105
27583767,61200536,0,0,0,0,7,0,37769,1106
27552810,27564299,0,0,0,0,7,0,46870,1107
27496127,27560225,0,0,0,0,16,0,37834,1108
27545423,28813057,0,0,0,0,3,0,62474,1109
56555281,58505386,0,0,0,0,16,0,53405,111
27478028,27538732,0,0,0,0,38,0,46880,1110
27497068,27507448,0,0,0,0,7,0,37803,1111
27454265,39513837,0,0,0,0,7,0,46871,1113
15162741,36798301,0,0,0,0,118,0,53372,1114
19404270,43095645,0,0,0,0,17,0,31273,1115
10421668,27312597,0,0,0,0,40,0,53353,1116
27282915,27296088,0,0,0,0,17,0,46907,1117
27264266,27296022,0,0,0,0,17,0,53356,1118
27210745,27221720,0,0,0,0,41,0,46893,1119
57498890,58487886,0,0,0,0,17,0,69006,112
27184918,27202593,0,0,0,0,41,0,62498,1120
7942519,24440258,0,0,0,0,8,0,53409,1121
15625990,28032846,0,0,0,0,4,0,46869,1122
18972845,30552847,0,0,0,0,128,0,37777,1123
21035101,27123428,0,0,0,0,43,0,62505,1124
22916337,27060527,0,0,0,0,43,0,37745,1125
27014134,27060307,0,0,0,0,8,0,46873,1126
27004167,36852821,0,0,0,0,8,0,37784,1127
25528067,35144130,0,0,0,0,44,0,46881,1128
22396234,26952232,0,0,0,0,134,0,46903,1129
58370234,58375977,0,0,0,0,4,0,69046,113
26950123,26951297,0,0,0,0,45,0,69035,1130
24086498,26883864,0,0,0,0,9,0,69005,1131
23261760,26794236,0,0,0,0,46,0,62504,1132
26724124,34487641,0,0,0,0,46,0,84638,1133
26706159,30513616,0,0,0,0,9,0,53397,1134
26667162,36511909,0,0,0,0,47,0,46881,1136
26618951,26621092,0,0,0,0,9,0,53383,1137
26574054,26574670,0,0,0,0,20,0,62505,1138
42749447,42793833,0,0,0,0,4,0,37763,1139
58298622,58355299,0,0,0,0,145,0,62505,114
26394927,26396047,0,0,0,0,146,0,37766,1140
11365857,27205610,0,0,0,0,21,0,46878,1141
26354768,26359909,0,0,0,0,4,0,53384,1142
23678494,26332489,0,0,0,0,21,0,46881,1143
12075037,44167480,0,0,0,0,50,0,84655,1144
26112990,26249385,0,0,0,0,50,0,46871,1145
9319597,32406216,0,0,0,0,21,0,69011,1147
31613119,34491446,0,0,0,0,21,0,50351,1148
24040280,26154260,0,0,0,0,10,0,43385,1149
57427059,58343088,0,0,0,0,51,0,46906,115
26145967,26159529,0,0,0,0,156,0,28673,1150
14926672,26045999,0,0,0,0,10,0,46849,1151
12468574,26025430,0,0,0,0,52,0,53393,1152
26003574,57123813,0,0,0,0,22,0,62495,1153
25960517,25964504,0,0,0,0,22,0,37810,1155
25876755,44269918,0,0,0,0,161,0,46846,1157
25727473,25762371,0,0,0,0,10,0,69013,1158
25565817,25742400,0,0,0,0,23,0,62500,1159
47719961,58295133,0,0,0,0,54,0,53405,116
25697358,26499445,0,0,0,0,55,0,53380,1160
25640114,36779537,0,0,0,0,11,0,62507,1161
25516365,25532844,0,0,0,0,11,0,53397,1162
7721262,55186549,0,0,0,0,11,0,46873,1163
11846295,43696806,0,0,0,0,24,0,53382,1164
25466013,25474682,0,0,0,0,5,0,46871,1165
25145982,25297812,0,0,0,0,5,0,53394,1168
29170099,38420089,0,0,0,0,173,0,46868,1169
58250126,58250531,0,0,0,0,58,0,37757,117
25245076,25276758,0,0,0,0,11,0,46879,1170
34731975,49452857,0,0,0,0,58,0,53388,1171
25178452,25179109,0,0,0,0,11,0,46884,1172
12647774,25171210,0,0,0,0,25,0,53392,1173
24940246,25273767,0,0,0,0,59,0,62505,1174
25109672,25547152,0,0,0,0,5,0,37789,1175
25102617,25102966,0,0,0,0,25,0,62534,1176
25056597,25076293,0,0,0,0,60,0,69012,1177
25020092,36671531,0,0,0,0,61,0,69002,1178
24942366,24944151,0,0,0,0,26,0,31258,1179
58188784,58194795,0,0,0,0,12,0,62497,118
18093107,24953127,0,0,0,0,26,0,37783,1180
24916945,24948003,0,0,0,0,62,0,46863,1181
9378482,24889784,0,0,0,0,62,0,37756,1182
24701419,24810470,0,0,0,0,63,0,62499,1183
24129772,24783826,0,0,0,0,63,0,37837,1184
24767751,45948882,0,0,0,0,191,0,46848,1185
22086780,24759346,0,0,0,0,64,0,53414,1186
24379743,24668240,0,0,0,0,64,0,31279,1187
8251632,32798526,0,0,0,0,6,0,46841,1188
23252231,24501245,0,0,0,0,27,0,37780,1189
58176637,58194938,0,0,0,0,28,0,46865,119
24467936,24473055,0,0,0,0,28,0,37838,1190
24424928,24432291,0,0,0,0,28,0,46845,1191
24356683,24873550,0,0,0,0,66,0,53399,1192
11144551,17878048,0,0,0,0,13,0,62489,1193
24305672,24308718,0,0,0,0,28,0,37792,1194
30006822,33421854,0,0,0,0,67,0,46848,1195
24242704,24257271,0,0,0,0,203,0,53397,1196
18647777,24231827,0,0,0,0,68,0,46864,1197
24195562,24207457,0,0,0,0,29,0,53396,1198
24195255,24197181,0,0,0,0,68,0,46875,1199
61702762,61707244,0,0,0,0,207,0,37755,12
58148340,58164989,0,0,0,0,208,0,46887,120
24157990,24162675,0,0,0,0,29,0,53380,1200
24135157,34516346,0,0,0,0,30,0,46883,1201
24033733,24039621,0,0,0,0,30,0,46880,1202
23961022,23969411,0,0,0,0,14,0,37780,1203
23875757,23887386,0,0,0,0,71,0,46900,1204
23861047,25994307,0,0,0,0,30,0,57033,1205
10404224,23841387,0,0,0,0,71,0,46872,1207
23840523,24094963,0,0,0,0,217,0,33806,1208
23836169,23839177,0,0,0,0,218,0,31269,1209
58159645,58219503,0,0,0,0,31,0,53386,121
23436577,23833294,0,0,0,0,73,0,46881,1210
16289182,33887083,0,0,0,0,73,0,53401,1212
23729980,23739359,0,0,0,0,7,0,46920,1213
8732461,60670097,0,0,0,0,74,0,53341,1214
22945651,59079147,0,0,0,0,32,0,62504,1215
23618813,23637902,0,0,0,0,15,0,69019,1216
8203818,31528981,0,0,0,0,32,0,69003,1217
16284766,23594580,0,0,0,0,32,0,62517,1218
23483421,23493873,0,0,0,0,32,0,53372,1219
58131498,58132035,0,0,0,0,76,0,62505,122
22287498,23482036,0,0,0,0,7,0,53390,1220
13189467,23413728,0,0,0,0,33,0,46869,1221
21185336,23444693,0,0,0,0,33,0,37797,1222
26291988,31721023,0,0,0,0,15,0,62491,1223
23327746,23329178,0,0,0,0,234,0,37800,1224
23307653,23309515,0,0,0,0,15,0,78091,1225
19920281,29992066,0,0,0,0,33,0,37771,1226
23155365,23165452,0,0,0,0,79,0,46872,1227
58020350,58026182,0,0,0,0,79,0,69018,123
23077125,23131824,0,0,0,0,239,0,31271,1232
29980426,32546083,0,0,0,0,34,0,53403,1238
58021216,58083701,0,0,0,0,34,0,62490,124
18171246,51216908,0,0,0,0,34,0,62506,1241
44200195,51552203,0,0,0,0,7,0,75143,1242
29241492,37090722,0,0,0,0,81,0,46881,1243
23017552,23035841,0,0,0,0,16,0,53386,1244
4559175,38448310,0,0,0,0,246,0,46874,1245
23026145,23028406,0,0,0,0,16,0,53385,1246
19936432,22944707,0,0,0,0,8,0,31256,1247
22920381,22921923,0,0,0,0,83,0,53410,1248
22893028,22893290,0,0,0,0,16,0,78117,1249
57935571,57967678,0,0,0,0,16,0,53407,125
22863771,22954623,0,0,0,0,84,0,53378,1250
22803814,26400517,0,0,0,0,36,0,62503,1251
22736107,22868923,0,0,0,0,36,0,53402,1252
12362857,49362941,0,0,0,0,85,0,46875,1253
22661397,22788870,0,0,0,0,17,0,53389,1254
8843700,32499520,0,0,0,0,85,0,46868,1255
22558887,31416347,0,0,0,0,258,0,37762,1256
11672050,22528625,0,0,0,0,86,0,46896,1257
22492219,22510100,0,0,0,0,86,0,53364,1258
22480052,34623780,0,0,0,0,87,0,62507,1260
11134812,42481827,0,0,0,0,17,0,69026,1261
22380926,22453482,0,0,0,0,37,0,62499,1262
16390221,31432176,0,0,0,0,88,0,53394,1263
16626462,29696172,0,0,0,0,17,0,53385,1265
21895585,22273072,0,0,0,0,88,0,46880,1266
19885381,33103203,0,0,0,0,38,0,53389,1269
57937662,57946786,0,0,0,0,38,0,46893,127
28748046,28761809,0,0,0,0,89,0,46874,1271
14983805,29100911,0,0,0,0,38,0,37808,1272
2858014,45460273,0,0,0,0,18,0,46859,1273
22218640,58383926,0,0,0,0,90,0,37805,1274
22182442,26336180,0,0,0,0,91,0,46870,1275
22177756,22848403,0,0,0,0,91,0,53209,1276
22116489,22138169,0,0,0,0,8,0,46872,1277
22133577,61079751,0,0,0,0,276,0,37755,1278
21987834,37619534,0,0,0,0,92,0,46890,1279
57914461,57962514,0,0,0,0,92,0,46863,128
22003683,22022772,0,0,0,0,93,0,31258,1280
18287981,25069798,0,0,0,0,18,0,46878,1281
21917358,21923028,0,0,0,0,93,0,53396,1282
12464396,24907018,0,0,0,0,94,0,46871,1283
21760298,21764361,0,0,0,0,41,0,53395,1284
21748852,21962452,0,0,0,0,41,0,69002,1286
21716567,21748598,0,0,0,0,19,0,62502,1287
20671888,21667581,0,0,0,0,9,0,53394,1288
49346939,57903831,0,0,0,0,41,0,31253,129
21630406,21663007,0,0,0,0,41,0,53414,1291
18511249,21618556,0,0,0,0,41,0,46887,1292
16880627,21613467,0,0,0,0,42,0,46863,1293
7963393,27153974,0,0,0,0,42,0,37780,1294
21596906,21604525,0,0,0,0,98,0,46874,1295
21502181,21562813,0,0,0,0,99,0,37774,1296
61192872,61703818,0,0,0,0,99,0,46875,13
57875654,59307289,0,0,0,0,42,0,37759,130
21435339,21477525,0,0,0,0,42,0,46881,1302
21295936,21644848,0,0,0,0,100,0,53398,1303
39632751,41743949,0,0,0,0,20,0,31263,1304
17595796,21380288,0,0,0,0,101,0,46868,1305
21273691,21274527,0,0,0,0,101,0,37790,1306
1395577,5182238,0,0,0,0,101,0,46878,1307
20670892,21041499,0,0,0,0,102,0,53390,1308
19791917,20971453,0,0,0,0,43,0,46885,1309
57867429,57870092,0,0,0,0,44,0,53399,131
20941744,20950880,0,0,0,0,20,0,46901,1310
17766989,20915114,0,0,0,0,10,0,53359,1311
14490071,34533472,0,0,0,0,103,0,62500,1312
20749444,30740613,0,0,0,0,44,0,53395,1314
20679635,20682542,0,0,0,0,20,0,46863,1315
18355686,20602751,0,0,0,0,44,0,69044,1316
44616530,52554822,0,0,0,0,21,0,53373,1317
9071020,20562177,0,0,0,0,10,0,46891,1318
20518376,20527711,0,0,0,0,10,0,46864,1319
57820798,57864965,0,0,0,0,106,0,53403,132
19470426,35020810,0,0,0,0,45,0,46866,1321
15875786,29790915,0,0,0,0,45,0,53388,1322
15059093,25007324,0,0,0,0,107,0,46883,1323
13942202,20430773,0,0,0,0,46,0,37771,1324
14645363,38686427,0,0,0,0,21,0,46871,1325
10802806,57030452,0,0,0,0,21,0,37829,1326
20290069,20291599,0,0,0,0,21,0,46867,1327
5671719,47240375,0,0,0,0,326,0,37735,1328
20238175,20238573,0,0,0,0,109,0,46905,1329
47720329,59808375,0,0,0,0,46,0,53354,133
20201070,37736782,0,0,0,0,109,0,62508,1330
15403903,25315309,0,0,0,0,110,0,53385,1331
17808575,21367922,0,0,0,0,10,0,46883,1332
19851655,20159691,0,0,0,0,22,0,53381,1333
6967664,27611438,0,0,0,0,47,0,62501,1334
20039335,20076511,0,0,0,0,111,0,37764,1335
27114926,31323885,0,0,0,0,22,0,46892,1337
16111242,19894471,0,0,0,0,48,0,53391,1338
19787909,19792110,0,0,0,0,337,0,31258,1339
57759059,57779014,0,0,0,0,48,0,53377,134
19686892,25936484,0,0,0,0,48,0,46879,1340
19716535,19735509,0,0,0,0,48,0,53414,1341
29125019,30765866,0,0,0,0,113,0,62515,1342
27677283,30468455,0,0,0,0,114,0,37750,1343
6886416,19507919,0,0,0,0,343,0,46881,1344
15502263,19410781,0,0,0,0,49,0,53379,1345
18473382,19330546,0,0,0,0,11,0,46880,1346
12392404,19321739,0,0,0,0,115,0,53386,1347
19253820,37714533,0,0,0,0,115,0,31255,1348
19284824,19326234,0,0,0,0,49,0,46871,1349
57601875,57798411,0,0,0,0,11,0,53441,135
19196923,33359284,0,0,0,0,11,0,68999,1350
33501032,41941523,0,0,0,0,50,0,62510,1353
12806128,19014531,0,0,0,0,50,0,37755,1354
19009308,36144946,0,0,0,0,353,0,46883,1355
18881073,28576729,0,0,0,0,50,0,55492,1356
18821862,18840410,0,0,0,0,355,0,38396,1357
16838613,18789330,0,0,0,0,11,0,42423,1358
18694281,18764825,0,0,0,0,119,0,48384,1359
57547769,57680924,0,0,0,0,119,0,42404,136
18720036,24715894,0,0,0,0,119,0,40457,1360
18706182,18726155,0,0,0,0,24,0,40421,1361
17266780,49124254,0,0,0,0,51,0,48498,1362
11693599,42112654,0,0,0,0,362,0,42395,1364
3611314,31126726,0,0,0,0,121,0,40333,1365
18396525,18397245,0,0,0,0,121,0,48604,1366
18349053,18361570,0,0,0,0,365,0,40421,1367
24070714,42098881,0,0,0,0,24,0,50419,1368
57253488,57672160,0,0,0,0,11,0,52528,137
40385321,40436727,0,0,0,0,122,0,40317,1370
13701347,61969752,0,0,0,0,24,0,58371,1371
9617629,27676179,0,0,0,0,123,0,62504,1372
18110397,52317124,0,0,0,0,53,0,53405,1373
18067519,18108045,0,0,0,0,372,0,62487,1375
18028920,18033568,0,0,0,0,53,0,37779,1376
18018097,18083363,0,0,0,0,53,0,62494,1377
4765256,17879766,0,0,0,0,12,0,37773,1378
17178831,36373630,0,0,0,0,25,0,46870,1379
52532428,57655036,0,0,0,0,25,0,53391,138
21729415,51158486,0,0,0,0,54,0,46874,1380
17778543,42701409,0,0,0,0,12,0,49944,1381
17761858,17770093,0,0,0,0,12,0,40419,1382
17750893,17751862,0,0,0,0,54,0,40466,1383
17718842,17719480,0,0,0,0,127,0,48371,1384
12038160,31412724,0,0,0,0,127,0,42293,1385
17631895,17657920,0,0,0,0,128,0,50637,1386
17569309,17569577,0,0,0,0,128,0,38371,1387
57657901,57669971,0,0,0,0,128,0,40339,139
7355187,12307139,0,0,0,0,129,0,32349,1392
17389533,24430053,0,0,0,0,25,0,50538,1393
17385801,17393108,0,0,0,0,55,0,48445,1394
11070101,26562926,0,0,0,0,26,0,42453,1395
17306695,17329288,0,0,0,0,26,0,50429,1396
12609816,17218305,0,0,0,0,56,0,50529,1397
20592886,20880558,0,0,0,0,26,0,49339,1398
61602871,61613387,0,0,0,0,131,0,62490,14
57647120,57656065,0,0,0,0,131,0,37775,140
17222942,17288379,0,0,0,0,12,0,62497,1400
17222981,17225208,0,0,0,0,132,0,37785,1401
15486551,17151024,0,0,0,0,132,0,46865,1402
17121390,17127645,0,0,0,0,26,0,53434,1405
29062766,31458051,0,0,0,0,57,0,46853,1407
39137287,39164688,0,0,0,0,133,0,53402,1408
17107206,38364431,0,0,0,0,134,0,31246,1409
57609922,57610899,0,0,0,0,57,0,58056,141
14041601,17061016,0,0,0,0,57,0,40383,1410
16963137,34814478,0,0,0,0,135,0,42523,1411
16902902,16906751,0,0,0,0,135,0,48575,1412
12417454,16798605,0,0,0,0,58,0,42435,1413
16705468,16706578,0,0,0,0,58,0,40373,1414
15591880,16694587,0,0,0,0,27,0,48295,1415
57529808,57577735,0,0,0,0,27,0,40457,142
24331730,25721884,0,0,0,0,412,0,32426,1423
11561856,19927806,0,0,0,0,59,0,50496,1424
5745886,36431465,0,0,0,0,138,0,50440,1425
16475081,16559250,0,0,0,0,138,0,50530,1426
15913417,16542994,0,0,0,0,138,0,48337,1427
16512371,52440778,0,0,0,0,59,0,46884,1428
3685285,29262916,0,0,0,0,139,0,53391,1429
57356463,57571196,0,0,0,0,13,0,62513,143
15860071,23543825,0,0,0,0,28,0,37755,1430
16474179,16667247,0,0,0,0,28,0,46882,1431
16253789,16315581,0,0,0,0,140,0,53393,1432
6132332,16310387,0,0,0,0,60,0,31255,1437
26477679,26491934,0,0,0,0,28,0,46875,1438
16255579,34797443,0,0,0,0,141,0,53393,1439
39484118,58028528,0,0,0,0,60,0,46897,144
16221742,16239153,0,0,0,0,142,0,37764,1440
16200667,16220521,0,0,0,0,428,0,46871,1441
1429476,16196327,0,0,0,0,28,0,37790,1443
16132625,16152161,0,0,0,0,143,0,46881,1444
14875493,16115102,0,0,0,0,28,0,53385,1446
10535235,47006881,0,0,0,0,61,0,46886,1447
16070405,16072487,0,0,0,0,62,0,53378,1448
14604820,15996692,0,0,0,0,145,0,46884,1449
15960352,20134823,0,0,0,0,62,0,53377,1450
10807804,30215509,0,0,0,0,145,0,46883,1452
15853204,45372987,0,0,0,0,14,0,53380,1453
15816532,16315551,0,0,0,0,62,0,46883,1454
15660954,15730793,0,0,0,0,146,0,53389,1455
15673550,21605401,0,0,0,0,29,0,46879,1456
15670799,15671568,0,0,0,0,63,0,53390,1457
15647282,17222380,0,0,0,0,147,0,46914,1458
9023256,14058832,0,0,0,0,29,0,31215,1459
57430411,57465187,0,0,0,0,63,0,53391,146
15591704,15593537,0,0,0,0,29,0,46873,1460
5352099,13579953,0,0,0,0,63,0,37836,1461
15421130,23792137,0,0,0,0,14,0,46861,1462
14975638,15489065,0,0,0,0,30,0,37763,1463
5225823,14169620,0,0,0,0,451,0,31263,1464
14899197,15475832,0,0,0,0,64,0,46873,1465
15431924,15447622,0,0,0,0,151,0,53382,1466
15267018,15298359,0,0,0,0,64,0,31244,1467
15258954,16626168,0,0,0,0,65,0,53393,1468
9968976,18598953,0,0,0,0,152,0,46870,1469
57385749,57447378,0,0,0,0,152,0,37757,147
11940605,28094645,0,0,0,0,152,0,46876,1470
18487369,51901813,0,0,0,0,30,0,53440,1471
11056625,15141952,0,0,0,0,153,0,31218,1472
15112440,30806577,0,0,0,0,65,0,69069,1473
15097497,15147336,0,0,0,0,154,0,62506,1474
15046111,15069078,0,0,0,0,14,0,37755,1475
14800161,33988831,0,0,0,0,154,0,62493,1476
15044342,15057769,0,0,0,0,155,0,37766,1477
15039039,36297815,0,0,0,0,31,0,46877,1478
19014360,22605238,0,0,0,0,15,0,37751,1479
57438355,57442652,0,0,0,0,15,0,46880,148
11738844,16956875,0,0,0,0,469,0,46880,1480
14983347,14994084,0,0,0,0,67,0,39548,1481
14964457,14968103,0,0,0,0,157,0,46877,1482
14237467,15073114,0,0,0,0,31,0,35762,1483
14883925,14884346,0,0,0,0,473,0,46874,1484
9863604,30266732,0,0,0,0,158,0,53406,1485
14871818,14874909,0,0,0,0,158,0,31241,1486
10498477,14839730,0,0,0,0,158,0,55442,1487
14827853,14870400,0,0,0,0,15,0,40367,1488
2643939,15968494,0,0,0,0,68,0,48427,1489
57363854,57393262,0,0,0,0,159,0,46881,149
6022898,14771546,0,0,0,0,68,0,53383,1490
8081931,32120291,0,0,0,0,68,0,62517,1492
9422945,20150234,0,0,0,0,483,0,53383,1493
13703344,14687326,0,0,0,0,32,0,62496,1494
14680075,31897329,0,0,0,0,161,0,53401,1495
14647988,35904363,0,0,0,0,69,0,68999,1496
14671609,14672171,0,0,0,0,32,0,46888,1497
2894775,31276157,0,0,0,0,69,0,53381,1498
61583902,61584580,0,0,0,0,489,0,46887,15
57334741,57359221,0,0,0,0,490,0,46868,150
8852406,14612190,0,0,0,0,491,0,37795,1500
12723182,14501305,0,0,0,0,70,0,46872,1501
14366406,14368147,0,0,0,0,493,0,69060,1502
14124373,14358526,0,0,0,0,15,0,84662,1504
5713713,23679925,0,0,0,0,165,0,62491,1505
2824965,14260340,0,0,0,0,165,0,53398,1506
8899096,14271584,0,0,0,0,71,0,46874,1507
13773770,43409756,0,0,0,0,33,0,37772,1508
10566473,14153092,0,0,0,0,499,0,46893,1509
49435632,57349958,0,0,0,0,16,0,53391,151
8708048,39393514,0,0,0,0,16,0,46870,1511
11366964,50883294,0,0,0,0,71,0,69028,1514
12675147,23231246,0,0,0,0,71,0,69008,1515
57191083,57298332,0,0,0,0,33,0,78116,152
11950703,13984470,0,0,0,0,168,0,37771,1521
13912387,13923907,0,0,0,0,168,0,62496,1522
13871818,20664377,0,0,0,0,507,0,37774,1523
12112558,24142467,0,0,0,0,169,0,31273,1524
13706188,51314482,0,0,0,0,509,0,53368,1525
12546365,61526548,0,0,0,0,34,0,31249,1527
6986657,13594968,0,0,0,0,73,0,53399,1528
13550501,28633784,0,0,0,0,512,0,46896,1529
57031898,57294988,0,0,0,0,16,0,53381,153
13407236,13457562,0,0,0,0,171,0,62507,1530
3650862,32637159,0,0,0,0,73,0,37764,1531
17691036,33813972,0,0,0,0,73,0,46883,1532
6329962,17240536,0,0,0,0,172,0,31245,1533
8896820,13354048,0,0,0,0,172,0,53419,1535
8751497,46150851,0,0,0,0,74,0,69004,1536
10706753,43216262,0,0,0,0,173,0,62508,1537
13176741,13190627,0,0,0,0,174,0,69016,1538
13132111,13156426,0,0,0,0,523,0,46872,1539
57220792,57226542,0,0,0,0,74,0,84644,154
13106645,13123638,0,0,0,0,75,0,53389,1540
13063273,13063605,0,0,0,0,175,0,46878,1541
13023274,32573848,0,0,0,0,527,0,53388,1542
12975794,12976569,0,0,0,0,528,0,31249,1543
7492274,20695311,0,0,0,0,75,0,53293,1544
36668078,36676878,0,0,0,0,75,0,50655,1545
12786335,12898318,0,0,0,0,177,0,49392,1546
11751047,12894306,0,0,0,0,177,0,46881,1547
12829995,12831524,0,0,0,0,177,0,53384,1548
12766253,12771988,0,0,0,0,178,0,31257,1549
57032447,57209060,0,0,0,0,178,0,62520,155
10689055,52844649,0,0,0,0,76,0,37792,1550
12584704,12599684,0,0,0,0,76,0,46874,1551
10303241,12582793,0,0,0,0,76,0,37828,1552
12416880,12523548,0,0,0,0,539,0,46852,1553
7960798,34091811,0,0,0,0,180,0,84638,1556
12125364,49781741,0,0,0,0,17,0,69024,1557
12362866,12385103,0,0,0,0,36,0,78108,1558
8197559,25211078,0,0,0,0,181,0,69021,1559
49827119,57281786,0,0,0,0,77,0,53384,156
9508747,12323693,0,0,0,0,545,0,46871,1561
6902087,15510566,0,0,0,0,182,0,53390,1562
3094232,24331690,0,0,0,0,182,0,31250,1563
12100856,12709933,0,0,0,0,78,0,53386,1564
12019638,12023403,0,0,0,0,183,0,31261,1566
12018499,33079500,0,0,0,0,78,0,62502,1567
7425100,11954734,0,0,0,0,36,0,37765,1568
57110805,57160711,0,0,0,0,79,0,62501,157
11676476,12139934,0,0,0,0,36,0,37803,1570
11851240,11892241,0,0,0,0,17,0,46875,1571
10438969,41613710,0,0,0,0,37,0,53397,1573
11668904,37998364,0,0,0,0,37,0,46870,1574
11650996,11669945,0,0,0,0,18,0,37764,1575
2247045,50996686,0,0,0,0,186,0,46874,1578
11301738,11606441,0,0,0,0,186,0,53388,1579
57024793,58739159,0,0,0,0,18,0,62498,158
3642535,11486369,0,0,0,0,80,0,122392,1581
3932038,42707308,0,0,0,0,80,0,102474,1582
10035551,11393123,0,0,0,0,188,0,111263,1583
11394091,13349613,0,0,0,0,188,0,60395,1584
12925063,42796857,0,0,0,0,80,0,60589,1585
9096671,11353287,0,0,0,0,81,0,50411,1586
11254452,11288900,0,0,0,0,37,0,38371,1587
11280277,30894636,0,0,0,0,189,0,52565,1588
10306831,59741003,0,0,0,0,81,0,58437,1589
57101282,57293986,0,0,0,0,18,0,42317,159
9220849,20849641,0,0,0,0,81,0,40394,1590
10675360,11069908,0,0,0,0,81,0,40478,1591
3835714,11986574,0,0,0,0,191,0,40428,1592
17368223,17655648,0,0,0,0,191,0,50531,1596
10646665,10943695,0,0,0,0,38,0,50619,1597
5415132,40391272,0,0,0,0,192,0,49300,1598
10939516,20330457,0,0,0,0,38,0,46874,1599
53697235,61446108,0,0,0,0,193,0,115910,16
57029872,57086593,0,0,0,0,193,0,53397,160
10806404,10945707,0,0,0,0,193,0,84645,1600
8889554,10931972,0,0,0,0,194,0,69011,1601
7726034,15383057,0,0,0,0,194,0,46877,1602
10892803,10908553,0,0,0,0,584,0,31250,1603
9527802,13701485,0,0,0,0,585,0,53403,1604
10859858,10861278,0,0,0,0,39,0,31247,1605
10826357,10851976,0,0,0,0,195,0,53393,1606
10840741,10853050,0,0,0,0,84,0,46872,1607
2564258,19038396,0,0,0,0,39,0,53388,1608
24590154,42562128,0,0,0,0,39,0,46872,1609
56981960,56990956,0,0,0,0,84,0,53417,161
2409317,10770698,0,0,0,0,84,0,62502,1610
10762287,46639120,0,0,0,0,197,0,53406,1611
9317923,10740100,0,0,0,0,39,0,46850,1612
10662314,16110859,0,0,0,0,39,0,37843,1613
10661295,10661937,0,0,0,0,39,0,46851,1615
10620862,47021117,0,0,0,0,199,0,53439,1616
10305614,10572878,0,0,0,0,199,0,62474,1617
5320814,10562078,0,0,0,0,85,0,37779,1618
7019912,9120270,0,0,0,0,200,0,46875,1619
41701807,56804019,0,0,0,0,19,0,53405,162
9867225,10543199,0,0,0,0,602,0,62484,1620
10532192,10609772,0,0,0,0,19,0,69014,1621
10431403,10449366,0,0,0,0,86,0,46879,1623
10411871,24651664,0,0,0,0,201,0,37776,1624
10368180,16028659,0,0,0,0,202,0,69012,1625
3483203,15660829,0,0,0,0,19,0,46883,1627
56960608,56972840,0,0,0,0,203,0,53414,163
3699405,33613337,0,0,0,0,203,0,31283,1630
9895811,10212245,0,0,0,0,40,0,46848,1631
24536154,27125672,0,0,0,0,204,0,37780,1632
8998884,10176524,0,0,0,0,613,0,46874,1633
7943695,9316946,0,0,0,0,614,0,37763,1634
10049602,10055602,0,0,0,0,205,0,46884,1635
10032052,10128084,0,0,0,0,205,0,31247,1636
5587676,28016920,0,0,0,0,617,0,44415,1637
10004847,11028353,0,0,0,0,206,0,50579,1638
3796266,45713473,0,0,0,0,619,0,40420,1639
56863566,56927812,0,0,0,0,41,0,48321,164
7680959,11261399,0,0,0,0,207,0,46890,1640
9965747,9968578,0,0,0,0,207,0,31238,1641
15034471,15042418,0,0,0,0,41,0,53395,1642
9915824,20768286,0,0,0,0,208,0,68999,1643
39005958,51707582,0,0,0,0,41,0,46889,1646
9862519,26374327,0,0,0,0,626,0,53372,1647
9851655,14166207,0,0,0,0,627,0,31262,1648
9829424,9840509,0,0,0,0,41,0,62494,1649
12362176,56864559,0,0,0,0,209,0,37781,165
9558040,13219387,0,0,0,0,90,0,62494,1650
9661469,9669411,0,0,0,0,631,0,37795,1651
8273313,18492844,0,0,0,0,42,0,46875,1652
7885147,34008486,0,0,0,0,211,0,37732,1653
9465817,9534351,0,0,0,0,211,0,46871,1654
3606697,61531149,0,0,0,0,90,0,53386,1655
11214012,27028825,0,0,0,0,212,0,46894,1656
9505495,10526005,0,0,0,0,212,0,53366,1657
7854433,37571154,0,0,0,0,91,0,31255,1658
9449184,27778559,0,0,0,0,213,0,53395,1659
56761115,56832079,0,0,0,0,42,0,31256,166
9184969,10112587,0,0,0,0,213,0,69015,1660
4427234,9277363,0,0,0,0,642,0,31259,1661
2231993,38620373,0,0,0,0,214,0,46876,1662
17638090,18080378,0,0,0,0,20,0,53388,1663
9171036,9178254,0,0,0,0,20,0,46898,1664
9035674,14547069,0,0,0,0,92,0,53367,1665
9060569,9075208,0,0,0,0,92,0,46870,1666
9060457,29948585,0,0,0,0,43,0,65140,1667
9058728,9059726,0,0,0,0,43,0,36442,1668
8935523,8947483,0,0,0,0,20,0,51889,1669
56817353,56817718,0,0,0,0,21,0,46872,167
7368262,13642092,0,0,0,0,21,0,37764,1670
8888516,8920722,0,0,0,0,93,0,46878,1671
6258004,8855589,0,0,0,0,93,0,37755,1672
4227223,4512465,0,0,0,0,93,0,46879,1673
8761857,8771942,0,0,0,0,93,0,53397,1674
8743556,8754475,0,0,0,0,94,0,31261,1675
8153594,8713994,0,0,0,0,43,0,46865,1676
8637993,41853001,0,0,0,0,660,0,37764,1677
8539303,8540143,0,0,0,0,661,0,46873,1678
8499378,15273148,0,0,0,0,220,0,37755,1679
56770222,56776207,0,0,0,0,94,0,46879,168
8400901,16118050,0,0,0,0,221,0,53380,1680
8389913,8390943,0,0,0,0,665,0,46883,1681
1400937,8321081,0,0,0,0,95,0,31249,1682
8204972,8231007,0,0,0,0,95,0,53407,1683
8260808,8266915,0,0,0,0,668,0,46866,1684
6644997,18994631,0,0,0,0,95,0,53392,1685
2436688,17046336,0,0,0,0,21,0,46872,1686
8161836,41604711,0,0,0,0,21,0,84650,1687
8055508,24192428,0,0,0,0,44,0,37773,1688
7235657,52382298,0,0,0,0,44,0,62505,1689
56708929,56710379,0,0,0,0,224,0,37771,169
2535234,8158867,0,0,0,0,21,0,46910,1690
13281303,51923115,0,0,0,0,225,0,46847,1692
8096313,9439256,0,0,0,0,225,0,37782,1694
8023315,8036700,0,0,0,0,678,0,31238,1695
6558921,6933598,0,0,0,0,21,0,53421,1697
61493218,61514348,0,0,0,0,97,0,46848,17
56736475,56768930,0,0,0,0,681,0,37770,170
2547402,45460859,0,0,0,0,97,0,46893,1701
7901925,7903972,0,0,0,0,97,0,53386,1702
7883154,17959817,0,0,0,0,228,0,46883,1703
7864931,10758965,0,0,0,0,97,0,53381,1704
16846380,43211628,0,0,0,0,228,0,46910,1705
56615319,56720250,0,0,0,0,229,0,53367,171
7666807,17395724,0,0,0,0,688,0,46908,1711
14784302,14933804,0,0,0,0,229,0,31217,1712
7611169,15624656,0,0,0,0,98,0,69025,1713
7473067,7486450,0,0,0,0,230,0,53389,1714
2765374,7474943,0,0,0,0,230,0,62504,1715
7451354,26777282,0,0,0,0,693,0,37764,1716
34693989,41873359,0,0,0,0,22,0,46884,1718
13137912,28301188,0,0,0,0,22,0,46873,1719
56705711,56717677,0,0,0,0,22,0,69020,172
7326865,7327521,0,0,0,0,697,0,53395,1721
5913006,7280421,0,0,0,0,46,0,84633,1723
7169202,7756604,0,0,0,0,233,0,78151,1724
3311940,25232624,0,0,0,0,233,0,53385,1725
56702965,56704121,0,0,0,0,701,0,46867,173
1815606,3452086,0,0,0,0,22,0,53391,1735
7549694,61266084,0,0,0,0,46,0,46871,1738
12409960,17492230,0,0,0,0,100,0,69020,1739
56659665,56660496,0,0,0,0,235,0,53385,174
5453336,17370853,0,0,0,0,707,0,46882,1740
10525957,10536396,0,0,0,0,236,0,53378,1741
6675066,59181206,0,0,0,0,101,0,78138,1743
7004710,7027288,0,0,0,0,236,0,37754,1744
7001799,35633239,0,0,0,0,237,0,84637,1746
6979917,17548385,0,0,0,0,101,0,46893,1747
6901238,6981631,0,0,0,0,237,0,31239,1748
56629367,56634463,0,0,0,0,102,0,53408,175
27637455,36133374,0,0,0,0,102,0,62519,1751
9917049,34496000,0,0,0,0,238,0,53395,1752
3744178,7299440,0,0,0,0,239,0,46875,1753
6592214,6593587,0,0,0,0,239,0,37793,1754
6550510,8700619,0,0,0,0,719,0,46874,1756
1195826,17217951,0,0,0,0,48,0,53401,1757
5916854,6325908,0,0,0,0,721,0,31248,1758
56597412,56598005,0,0,0,0,240,0,53388,176
47941228,47942864,0,0,0,0,103,0,31248,1762
3727822,48096198,0,0,0,0,241,0,53386,1763
3209761,3551955,0,0,0,0,725,0,46879,1764
1828206,6242955,0,0,0,0,242,0,46871,1765
22569176,57457590,0,0,0,0,23,0,37779,1766
56570680,56582808,0,0,0,0,48,0,62482,177
56530842,56532527,0,0,0,0,23,0,37769,178
3099219,26727741,0,0,0,0,104,0,68618,1781
26917689,40837588,0,0,0,0,104,0,62503,1782
1249548,5226807,0,0,0,0,104,0,69014,1784
3864535,11724311,0,0,0,0,244,0,46873,1786
18406991,20432635,0,0,0,0,245,0,53398,1788
56503342,56515650,0,0,0,0,245,0,62491,179
11020437,28890227,0,0,0,0,245,0,37766,1792
6123378,44855415,0,0,0,0,105,0,46883,1793
1848331,6099243,0,0,0,0,105,0,53379,1794
12040245,31458536,0,0,0,0,246,0,62495,1796
6085238,51892875,0,0,0,0,247,0,84639,1797
6025051,6167791,0,0,0,0,743,0,37768,1798
6007883,6009222,0,0,0,0,106,0,46871,1799
61417517,61467044,0,0,0,0,49,0,69055,18
56484967,56496925,0,0,0,0,248,0,46875,180
5980240,7224938,0,0,0,0,49,0,37781,1800
5831794,38351820,0,0,0,0,748,0,46899,1802
1567718,25621108,0,0,0,0,249,0,53392,1803
5251507,25954361,0,0,0,0,50,0,46875,1804
5749252,5761576,0,0,0,0,50,0,53394,1805
5665599,31926022,0,0,0,0,752,0,46870,1806
56490797,56491759,0,0,0,0,107,0,69009,181
2126108,9617348,0,0,0,0,251,0,46882,1812
5161055,5581023,0,0,0,0,755,0,37770,1813
9198637,13294952,0,0,0,0,252,0,46877,1815
8091303,32066402,0,0,0,0,24,0,53385,1816
4347634,44278665,0,0,0,0,108,0,46901,1818
32640551,56485774,0,0,0,0,108,0,37775,182
5461196,5465314,0,0,0,0,108,0,46878,1821
4167529,5333280,0,0,0,0,254,0,46874,1822
28159143,28807266,0,0,0,0,109,0,37771,1824
15059076,21818181,0,0,0,0,254,0,62492,1825
28751023,33314971,0,0,0,0,255,0,46961,1826
4785933,5223113,0,0,0,0,51,0,41270,1827
5208679,54756565,0,0,0,0,109,0,46869,1828
4959018,5140447,0,0,0,0,109,0,53389,1829
56417685,56437215,0,0,0,0,51,0,46869,183
5106782,34097133,0,0,0,0,256,0,37763,1831
5027480,5030389,0,0,0,0,51,0,62499,1832
4951286,5009026,0,0,0,0,110,0,37765,1833
4996090,13043146,0,0,0,0,257,0,62496,1834
3903157,4948361,0,0,0,0,774,0,100267,1835
3082716,3689279,0,0,0,0,258,0,105285,1836
20600900,20622332,0,0,0,0,258,0,78861,1837
4654181,4687879,0,0,0,0,777,0,51368,1838
3369025,17349485,0,0,0,0,51,0,69005,1839
56366734,56382379,0,0,0,0,259,0,62514,184
2227734,9508518,0,0,0,0,260,0,37763,1841
6216968,45889756,0,0,0,0,781,0,62503,1842
11175414,12670162,0,0,0,0,782,0,53394,1844
9871106,9874512,0,0,0,0,112,0,84628,1845
3443687,11228403,0,0,0,0,52,0,62505,1847
3681647,12252750,0,0,0,0,262,0,130837,1848
3440373,3501528,0,0,0,0,262,0,80879,1849
51964208,56375203,0,0,0,0,112,0,60522,185
1535021,12512062,0,0,0,0,263,0,38320,1850
28889057,29658627,0,0,0,0,112,0,60435,1853
11433432,40640132,0,0,0,0,52,0,42347,1854
43223579,52334647,0,0,0,0,25,0,50385,1855
3348522,3356923,0,0,0,0,264,0,40459,1856
56345077,56346524,0,0,0,0,113,0,50600,186
3261597,10058839,0,0,0,0,53,0,50455,1861
3302356,3318333,0,0,0,0,53,0,50532,1862
4126326,26273892,0,0,0,0,114,0,50586,1863
3505701,11533438,0,0,0,0,25,0,40433,1866
3190087,17279027,0,0,0,0,267,0,60542,1867
3114043,3119037,0,0,0,0,114,0,38418,1868
11275187,11300048,0,0,0,0,25,0,41261,1869
56329435,56331202,0,0,0,0,114,0,62500,187
2899581,5510966,0,0,0,0,805,0,37797,1871
2893005,3472980,0,0,0,0,26,0,62503,1872
11163400,13297155,0,0,0,0,53,0,53404,1874
11979017,25292524,0,0,0,0,269,0,53391,1875
22386555,56322590,0,0,0,0,115,0,62504,188
5293715,13192984,0,0,0,0,26,0,84636,1882
5963269,28863686,0,0,0,0,271,0,46883,1884
2732397,37129926,0,0,0,0,116,0,53393,1885
1401904,13656699,0,0,0,0,116,0,46892,1886
2589275,40089885,0,0,0,0,54,0,37792,1887
25137444,25143428,0,0,0,0,117,0,62472,1888
24829027,59996500,0,0,0,0,117,0,53408,189
2286831,2295389,0,0,0,0,54,0,53378,1890
1429907,5365974,0,0,0,0,117,0,46885,1891
1266279,2284446,0,0,0,0,26,0,31245,1894
7486386,14525580,0,0,0,0,275,0,53409,1895
2193742,5788117,0,0,0,0,55,0,31244,1897
1630724,2182337,0,0,0,0,118,0,53393,1899
61365720,61421335,0,0,0,0,55,0,46867,19
45975959,56027198,0,0,0,0,55,0,53425,190
37131569,43385119,0,0,0,0,118,0,46868,1900
1245273,7828248,0,0,0,0,118,0,37764,1901
56026040,56027906,0,0,0,0,833,0,46891,191
1882734,8507442,0,0,0,0,278,0,46868,1911
4442518,20588435,0,0,0,0,119,0,58979,1912
1299871,38066077,0,0,0,0,26,0,94500,1916
52932440,52933667,0,0,0,0,837,0,75603,1918
1169539,51857177,0,0,0,0,55,0,60504,1919
55993404,55994667,0,0,0,0,119,0,58431,192
1189759,7430452,0,0,0,0,56,0,80638,1920
55853841,55970694,0,0,0,0,120,0,72669,193
55961475,55962196,0,0,0,0,120,0,90834,194
55891499,55944124,0,0,0,0,843,0,40234,195
55675591,55676436,0,0,0,0,281,0,38316,196
55754330,55813859,0,0,0,0,27,0,50458,198
55721820,55724880,0,0,0,0,282,0,52399,199
61967678,61991055,0,0,0,0,121,0,48511,2
61353320,61369850,0,0,0,0,27,0,52513,20
47850921,51759893,0,0,0,0,121,0,50549,200
55686910,55688698,0,0,0,0,283,0,50494,201
26720663,55627999,0,0,0,0,283,0,50440,203
55611370,55617539,0,0,0,0,284,0,40330,204
55569337,55571484,0,0,0,0,854,0,50423,205
55550126,56099758,0,0,0,0,57,0,58398,206
55535021,55537032,0,0,0,0,856,0,46886,207
55512219,55527619,0,0,0,0,122,0,69021,208
55482534,55501292,0,0,0,0,858,0,31242,209
61327081,61381710,0,0,0,0,122,0,53381,21
55485704,55498710,0,0,0,0,27,0,46880,210
55284424,55345453,0,0,0,0,287,0,53403,211
55252006,55346736,0,0,0,0,287,0,46882,212
31746962,55201041,0,0,0,0,123,0,53378,213
55168485,55393013,0,0,0,0,57,0,46889,214
54879274,55032275,0,0,0,0,123,0,46865,215
54943418,54950917,0,0,0,0,57,0,53421,216
57563989,59233401,0,0,0,0,27,0,53351,217
54906090,54912421,0,0,0,0,57,0,46905,218
54831077,54835717,0,0,0,0,289,0,53375,219
60847460,61249692,0,0,0,0,290,0,31281,22
48067906,56156084,0,0,0,0,28,0,62481,220
54737221,54762963,0,0,0,0,872,0,37782,221
54582821,54752196,0,0,0,0,291,0,62489,222
54701979,54737642,0,0,0,0,58,0,69018,223
54661129,54661698,0,0,0,0,875,0,53396,225
34054287,54632339,0,0,0,0,125,0,62488,226
54623575,54624083,0,0,0,0,58,0,69012,227
38064175,49626679,0,0,0,0,292,0,46873,228
53218422,54596743,0,0,0,0,880,0,37770,229
61001940,61068264,0,0,0,0,881,0,46874,23
54569448,54591376,0,0,0,0,294,0,53388,230
54575231,54639133,0,0,0,0,58,0,31254,231
54535966,54764144,0,0,0,0,126,0,53404,232
54298621,54472962,0,0,0,0,28,0,31254,233
53212878,53223526,0,0,0,0,295,0,46865,234
53855748,54426953,0,0,0,0,295,0,37768,236
54336092,54347137,0,0,0,0,888,0,46871,237
54238427,54307701,0,0,0,0,296,0,52445,238
54132300,54291153,0,0,0,0,296,0,41269,239
50048754,61046041,0,0,0,0,28,0,84638,24
54215125,54254903,0,0,0,0,127,0,147163,240
54184027,54185678,0,0,0,0,59,0,110563,241
54066057,54093675,0,0,0,0,28,0,80620,242
53812108,54093075,0,0,0,0,59,0,78710,243
54033510,54089471,0,0,0,0,28,0,50290,244
31838855,51030060,0,0,0,0,128,0,52413,245
54000814,56105878,0,0,0,0,898,0,40346,246
53971364,53974449,0,0,0,0,128,0,40273,247
28543538,29728795,0,0,0,0,300,0,50385,248
53799909,53952083,0,0,0,0,29,0,48375,249
55284306,61039110,0,0,0,0,300,0,42454,25
53884353,55098961,0,0,0,0,301,0,40452,250
53701824,53869307,0,0,0,0,129,0,40418,251
53479557,53864892,0,0,0,0,301,0,40429,252
53718871,53735407,0,0,0,0,60,0,40394,253
53618077,53648755,0,0,0,0,29,0,40537,254
52193105,53678412,0,0,0,0,60,0,48372,255
38308134,53549442,0,0,0,0,129,0,42329,256
22389993,53548994,0,0,0,0,130,0,50581,257
61025542,61029739,0,0,0,0,60,0,40365,26
50165443,53407004,0,0,0,0,130,0,48442,260
53193940,53324971,0,0,0,0,29,0,40453,261
53292882,53302125,0,0,0,0,304,0,60691,262
53266457,53284719,0,0,0,0,29,0,61413,263
53235655,53239765,0,0,0,0,61,0,100253,264
52874031,53194740,0,0,0,0,61,0,69016,265
52623722,53162821,0,0,0,0,29,0,62505,266
53099087,53130611,0,0,0,0,306,0,37780,267
53070606,53071578,0,0,0,0,306,0,46883,268
53059075,53060304,0,0,0,0,131,0,53381,269
61015431,61029336,0,0,0,0,131,0,46879,27
53053598,53059211,0,0,0,0,61,0,46875,270
53033225,53035534,0,0,0,0,308,0,37769,271
52014985,53022075,0,0,0,0,308,0,46869,272
53931501,54038311,0,0,0,0,61,0,53403,275
52706006,52876814,0,0,0,0,61,0,46891,276
52864035,52865362,0,0,0,0,309,0,53358,277
52858332,52875140,0,0,0,0,309,0,49301,278
43194575,52846472,0,0,0,0,132,0,50649,279
61010890,61024619,0,0,0,0,133,0,46875,28
52840058,53074411,0,0,0,0,310,0,37771,280
52803902,52814300,0,0,0,0,133,0,62501,281
52687986,52777989,0,0,0,0,133,0,69010,282
28383595,52745151,0,0,0,0,935,0,69015,283
51481913,52565472,0,0,0,0,62,0,84636,284
52708868,52710549,0,0,0,0,62,0,78136,285
52702984,52706456,0,0,0,0,62,0,62357,286
52675487,52682271,0,0,0,0,313,0,46888,287
52650467,52655729,0,0,0,0,940,0,53395,288
52576686,52832970,0,0,0,0,134,0,46899,289
59825843,60970948,0,0,0,0,314,0,53382,29
52558238,52652934,0,0,0,0,134,0,46892,290
52543892,54460501,0,0,0,0,314,0,53377,292
52521310,52533132,0,0,0,0,315,0,78130,293
19877286,52491396,0,0,0,0,135,0,37765,294
49676982,52431959,0,0,0,0,63,0,62507,296
52365579,52388444,0,0,0,0,316,0,53390,297
52334683,52382354,0,0,0,0,135,0,69010,298
28814322,52344047,0,0,0,0,316,0,78131,299
57332088,61979235,0,0,0,0,63,0,82643,3
60948668,61501935,0,0,0,0,30,0,62437,30
52338580,52339226,0,0,0,0,317,0,50438,300
52334944,58713038,0,0,0,0,136,0,80780,301
27532044,52334725,0,0,0,0,136,0,70585,302
44295144,52283303,0,0,0,0,63,0,70535,303
52281220,52300914,0,0,0,0,136,0,50347,304
52187189,52275015,0,0,0,0,63,0,60502,305
52242044,52401049,0,0,0,0,959,0,60566,306
52208380,52209203,0,0,0,0,137,0,60426,307
52127834,52128944,0,0,0,0,961,0,33693,308
52106980,52117181,0,0,0,0,64,0,62504,309
56784714,60937226,0,0,0,0,321,0,53400,31
52086833,55859382,0,0,0,0,964,0,31245,310
52005153,52233504,0,0,0,0,137,0,37776,312
51967572,51970403,0,0,0,0,138,0,84629,313
51929941,52074105,0,0,0,0,64,0,62505,314
51935753,51935883,0,0,0,0,138,0,84636,315
51923603,51996021,0,0,0,0,31,0,53399,316
51876158,51908491,0,0,0,0,64,0,62505,317
47183558,51869337,0,0,0,0,323,0,53405,318
51857207,51865368,0,0,0,0,324,0,62494,319
60925357,60925391,0,0,0,0,31,0,37777,32
38644943,51658946,0,0,0,0,139,0,46875,320
3642188,51687808,0,0,0,0,325,0,37763,321
51597297,51650023,0,0,0,0,139,0,31285,322
51551082,51603769,0,0,0,0,31,0,62469,323
41052687,51594999,0,0,0,0,65,0,37775,324
51569831,51581399,0,0,0,0,65,0,46863,325
51269865,51386027,0,0,0,0,980,0,37768,326
51486048,51506312,0,0,0,0,140,0,46874,327
51494868,51495838,0,0,0,0,140,0,53467,328
51280568,51413841,0,0,0,0,327,0,46848,329
60916444,60948692,0,0,0,0,984,0,37757,33
51372723,51380034,0,0,0,0,140,0,46906,330
51352697,51353272,0,0,0,0,328,0,53388,331
51343022,51343335,0,0,0,0,987,0,31282,333
51335424,51338784,0,0,0,0,329,0,68986,334
41996394,51334762,0,0,0,0,329,0,78133,335
51330838,51332447,0,0,0,0,141,0,53423,336
51320621,54880869,0,0,0,0,141,0,46864,337
50752133,51296577,0,0,0,0,141,0,37777,338
51387157,51546208,0,0,0,0,66,0,46894,339
60878248,60896726,0,0,0,0,66,0,53420,34
51087287,51170892,0,0,0,0,142,0,46858,340
51164948,51165825,0,0,0,0,996,0,37798,341
51126843,58108631,0,0,0,0,142,0,46880,342
51086959,51248293,0,0,0,0,332,0,53401,344
49013393,51078004,0,0,0,0,142,0,31255,345
51071941,51072873,0,0,0,0,333,0,46873,346
45259737,51045709,0,0,0,0,333,0,37793,347
42115972,56345639,0,0,0,0,66,0,62498,348
51000699,51090065,0,0,0,0,143,0,84710,349
56249536,60835547,0,0,0,0,334,0,69016,35
50958860,50978973,0,0,0,0,335,0,46877,350
50939130,59613787,0,0,0,0,143,0,84644,351
37991389,50867641,0,0,0,0,143,0,84641,352
50858296,50860018,0,0,0,0,67,0,105950,353
50838664,50854067,0,0,0,0,336,0,60365,354
23966158,50828119,0,0,0,0,336,0,48343,355
50685421,50687588,0,0,0,0,337,0,42275,356
50659096,50665776,0,0,0,0,144,0,50500,357
50652853,50663004,0,0,0,0,144,0,40473,358
37789299,54770082,0,0,0,0,67,0,48387,359
60822398,60827811,0,0,0,0,145,0,52664,36
50569314,50584209,0,0,0,0,32,0,50557,360
42561714,50554584,0,0,0,0,32,0,50579,361
50539913,50549961,0,0,0,0,32,0,40435,362
50499991,50502536,0,0,0,0,145,0,48378,363
50483582,50487229,0,0,0,0,68,0,45906,364
50341423,50472929,0,0,0,0,68,0,46900,365
34020079,50452750,0,0,0,0,32,0,37730,366
46195370,50291766,0,0,0,0,68,0,46884,367
50273919,50290782,0,0,0,0,68,0,53383,368
50243929,50258307,0,0,0,0,33,0,46884,369
60797216,60811581,0,0,0,0,146,0,53382,37
50237076,50256439,0,0,0,0,33,0,78132,370
50229410,50231104,0,0,0,0,342,0,53397,371
50111566,50128349,0,0,0,0,33,0,62493,372
50062132,50231159,0,0,0,0,343,0,37766,373
24626769,50059193,0,0,0,0,147,0,46875,374
33769770,50023898,0,0,0,0,68,0,37781,376
49746686,49813500,0,0,0,0,344,0,46868,377
28579361,49967559,0,0,0,0,344,0,53385,378
49859149,50728217,0,0,0,0,147,0,31247,379
45915720,60807293,0,0,0,0,33,0,53386,38
49834827,49856205,0,0,0,0,148,0,46880,380
49743774,49818889,0,0,0,0,346,0,46871,381
49756005,49763045,0,0,0,0,346,0,53399,382
49628570,49753115,0,0,0,0,346,0,53378,383
43371723,49752514,0,0,0,0,1041,0,46890,384
49640909,49711972,0,0,0,0,69,0,46864,385
49554201,49665486,0,0,0,0,347,0,37765,386
46607506,49595214,0,0,0,0,1044,0,46875,387
20850483,49588582,0,0,0,0,348,0,53393,388
49517374,49521036,0,0,0,0,149,0,46872,389
60766742,60804415,0,0,0,0,149,0,37769,39
45720125,49509228,0,0,0,0,33,0,84656,390
30399446,49459779,0,0,0,0,69,0,72536,391
49435594,58598873,0,0,0,0,150,0,50410,392
47444012,49366830,0,0,0,0,350,0,50480,393
46295687,55735530,0,0,0,0,150,0,48423,394
49229558,49269338,0,0,0,0,351,0,56899,395
49184274,49198437,0,0,0,0,351,0,69026,396
49115813,49140990,0,0,0,0,1055,0,46868,397
60321495,60327158,0,0,0,0,34,0,53410,399
61958925,62012913,0,0,0,0,151,0,62489,4
19858729,60757051,0,0,0,0,151,0,37783,40
49109933,49111594,0,0,0,0,353,0,62503,400
49041280,49074570,0,0,0,0,151,0,53391,401
20592611,49400778,0,0,0,0,151,0,62488,402
48924219,48961927,0,0,0,0,70,0,53394,403
45663125,48928383,0,0,0,0,354,0,53384,404
48912908,48913362,0,0,0,0,152,0,62508,405
9298765,48903882,0,0,0,0,152,0,53396,406
44190450,48838222,0,0,0,0,71,0,84637,407
48657034,48836376,0,0,0,0,355,0,62508,408
48819333,48835435,0,0,0,0,356,0,69018,409
60660622,60677042,0,0,0,0,356,0,46874,41
48713927,48717310,0,0,0,0,356,0,69014,410
48627287,48659095,0,0,0,0,71,0,53382,411
48454816,48638350,0,0,0,0,153,0,93753,412
48534448,48552238,0,0,0,0,153,0,84638,413
48433790,48511974,0,0,0,0,71,0,54456,414
48469441,48472163,0,0,0,0,34,0,78662,415
46649403,48306010,0,0,0,0,358,0,42390,416
30491545,48634449,0,0,0,0,153,0,48416,417
48357595,48361017,0,0,0,0,71,0,40275,418
48333425,48341878,0,0,0,0,71,0,42304,419
57467046,60656445,0,0,0,0,154,0,58474,42
40962006,48336563,0,0,0,0,360,0,52685,420
48337624,48394545,0,0,0,0,72,0,50458,421
48336742,48339884,0,0,0,0,72,0,70560,422
48332680,48351931,0,0,0,0,72,0,70559,423
48142634,48154928,0,0,0,0,35,0,48343,424
48128383,48132250,0,0,0,0,72,0,35711,425
47934438,48104724,0,0,0,0,155,0,46871,426
48056851,48072338,0,0,0,0,155,0,53392,427
48052270,48055272,0,0,0,0,363,0,46875,428
60330449,60556267,0,0,0,0,1090,0,37776,43
48022642,48043372,0,0,0,0,72,0,46882,433
35902360,46748965,0,0,0,0,72,0,53390,434
47950817,47976994,0,0,0,0,35,0,46885,435
44253848,51340323,0,0,0,0,72,0,53401,436
33479862,47907626,0,0,0,0,156,0,46907,438
47284664,47858957,0,0,0,0,156,0,53377,439
60450608,60561129,0,0,0,0,156,0,46895,44
43970831,47822694,0,0,0,0,35,0,31237,440
27965291,47818188,0,0,0,0,366,0,53446,441
47777708,47781899,0,0,0,0,157,0,62465,442
47723890,47746656,0,0,0,0,73,0,53414,443
47722530,47734323,0,0,0,0,73,0,69015,444
47730589,52378661,0,0,0,0,73,0,84638,445
44591583,47678197,0,0,0,0,368,0,46878,446
47644156,47704875,0,0,0,0,35,0,69026,447
47655487,47678029,0,0,0,0,158,0,46880,448
47552930,47625279,0,0,0,0,73,0,37743,449
47537760,47596739,0,0,0,0,369,0,46902,450
47570984,47590287,0,0,0,0,158,0,53389,451
47446458,47542849,0,0,0,0,158,0,46880,453
40682615,47540782,0,0,0,0,158,0,53385,454
47474279,47495118,0,0,0,0,74,0,46894,455
46239615,47475923,0,0,0,0,371,0,31238,456
47274691,47429271,0,0,0,0,371,0,39648,457
47405422,52335837,0,0,0,0,159,0,46874,458
47315053,47319479,0,0,0,0,74,0,51403,459
47083455,47304933,0,0,0,0,1117,0,46862,460
25023731,47273104,0,0,0,0,74,0,53399,461
46972679,47179207,0,0,0,0,74,0,62483,462
25866788,47171585,0,0,0,0,36,0,37768,463
47152855,50663500,0,0,0,0,160,0,46875,464
43483497,54579436,0,0,0,0,74,0,69017,466
47083707,55056600,0,0,0,0,160,0,53389,467
47074159,47080518,0,0,0,0,74,0,62503,468
43435385,47071014,0,0,0,0,160,0,53398,469
58897330,61496833,0,0,0,0,36,0,46870,470
47044939,47048035,0,0,0,0,161,0,37766,471
46963049,46986535,0,0,0,0,36,0,46883,472
46934574,46951684,0,0,0,0,75,0,46880,473
46857193,46925686,0,0,0,0,1130,0,37791,474
46842293,46872965,0,0,0,0,161,0,46875,475
37761096,55825651,0,0,0,0,161,0,37841,476
46842118,46901745,0,0,0,0,75,0,46842,477
46818951,46839455,0,0,0,0,162,0,53385,478
46823110,46832976,0,0,0,0,378,0,31248,479
46799063,48306565,0,0,0,0,75,0,53380,484
46684038,46770761,0,0,0,0,1137,0,46881,485
34826602,46952771,0,0,0,0,379,0,46873,486
33954292,46761065,0,0,0,0,162,0,37819,487
46747475,46759058,0,0,0,0,76,0,46879,488
46643184,46650208,0,0,0,0,163,0,53363,489
41010050,48000292,0,0,0,0,163,0,46870,490
46580556,46783163,0,0,0,0,381,0,69007,491
46420106,46449723,0,0,0,0,76,0,75607,493
46377973,46384105,0,0,0,0,163,0,68553,494
37579756,46377613,0,0,0,0,36,0,50441,495
45870948,46366116,0,0,0,0,37,0,52407,496
46360218,46361342,0,0,0,0,76,0,50442,497
46348193,46352515,0,0,0,0,164,0,48313,498
35205795,58352475,0,0,0,0,383,0,46890,499
61873468,61900256,0,0,0,0,76,0,53372,5
46298066,46430561,0,0,0,0,384,0,31256,500
46287086,52469245,0,0,0,0,164,0,62498,501
46266078,46395927,0,0,0,0,1154,0,37772,502
42912608,46186549,0,0,0,0,77,0,46877,503
46151452,49880546,0,0,0,0,77,0,37756,504
36110977,46084728,0,0,0,0,1157,0,46872,505
46059697,46092824,0,0,0,0,77,0,37800,506
45968501,45983949,0,0,0,0,37,0,62502,507
45948534,53569414,0,0,0,0,165,0,140157,508
45929263,45929671,0,0,0,0,77,0,91632,509
45907614,46093719,0,0,0,0,166,0,98863,510
45891034,45899768,0,0,0,0,77,0,62449,511
45873483,60930523,0,0,0,0,77,0,68474,512
37450698,55560381,0,0,0,0,388,0,55881,513
13675380,45813247,0,0,0,0,166,0,84623,514
45779447,45859005,0,0,0,0,166,0,62505,515
45670637,45726959,0,0,0,0,389,0,84638,516
45722157,59174298,0,0,0,0,37,0,53385,517
45721802,45801817,0,0,0,0,390,0,93754,518
45655879,45673142,0,0,0,0,78,0,69019,519
49140030,60506879,0,0,0,0,390,0,69013,52
45652340,45716873,0,0,0,0,391,0,84640,520
45638529,45642435,0,0,0,0,1174,0,78117,521
45206230,45635464,0,0,0,0,391,0,84642,522
45607736,45627646,0,0,0,0,37,0,92679,523
45606255,45619547,0,0,0,0,168,0,61404,524
45572226,45579541,0,0,0,0,38,0,69006,525
45448169,45576820,0,0,0,0,393,0,78133,526
38348097,45493545,0,0,0,0,78,0,255000,527
56979022,60647728,0,0,0,0,168,0,90730,53
45476950,45552715,0,0,0,0,38,0,98878,532
45458787,45461707,0,0,0,0,394,0,72633,533
45405167,61117221,0,0,0,0,169,0,70506,534
45357806,45375409,0,0,0,0,79,0,80632,535
45351663,45406009,0,0,0,0,169,0,90773,536
45321041,45322657,0,0,0,0,79,0,78575,537
44334535,47699146,0,0,0,0,396,0,77025,538
26244530,45289764,0,0,0,0,1189,0,69011,539
53813758,60436142,0,0,0,0,170,0,84634,54
45279880,45556677,0,0,0,0,79,0,62508,540
24920396,61463661,0,0,0,0,38,0,68727,541
45265792,45266834,0,0,0,0,1193,0,62490,542
45117125,45259649,0,0,0,0,79,0,69014,543
45134735,45242969,0,0,0,0,79,0,100264,544
45219994,45475249,0,0,0,0,170,0,150739,545
45119432,45185979,0,0,0,0,38,0,80891,546
45222720,45251117,0,0,0,0,171,0,80537,547
41477776,47041415,0,0,0,0,79,0,88708,549
60289954,60310790,0,0,0,0,400,0,62606,55
45157057,46636473,0,0,0,0,400,0,80568,550
43712843,45154451,0,0,0,0,1202,0,53394,551
45147082,45322102,0,0,0,0,401,0,84630,552
45047885,45122894,0,0,0,0,401,0,68716,553
33482308,45028581,0,0,0,0,80,0,62487,554
44973544,45015794,0,0,0,0,172,0,69006,555
40557147,44961347,0,0,0,0,172,0,62508,556
26331030,39914775,0,0,0,0,402,0,100263,557
55345679,60285820,0,0,0,0,80,0,120727,56
44930704,48381672,0,0,0,0,172,0,118889,560
44916792,44921411,0,0,0,0,1211,0,72574,561
16397526,51847367,0,0,0,0,404,0,80542,562
44728704,44808793,0,0,0,0,1213,0,60422,563
44419857,44802712,0,0,0,0,404,0,68506,564
44786138,44787310,0,0,0,0,39,0,72563,565
44721152,44723690,0,0,0,0,173,0,60488,566
44697183,44718072,0,0,0,0,81,0,65966,567
44666715,44688711,0,0,0,0,406,0,84626,568
36110815,44608687,0,0,0,0,406,0,78130,569
60200275,60371743,0,0,0,0,39,0,67936,57
44158882,44538939,0,0,0,0,407,0,62495,570
44509287,44661961,0,0,0,0,174,0,100261,571
44467559,44504592,0,0,0,0,407,0,53396,572
44457243,44473379,0,0,0,0,81,0,84644,573
44434739,44456676,0,0,0,0,408,0,78112,574
42604439,42757183,0,0,0,0,39,0,69013,575
42864262,43613986,0,0,0,0,409,0,67950,576
44411575,56254631,0,0,0,0,81,0,62505,577
44335165,45311909,0,0,0,0,175,0,69020,579
60160905,60176959,0,0,0,0,1230,0,46870,58
34865789,44362281,0,0,0,0,39,0,100265,580
44262563,44279773,0,0,0,0,410,0,69023,581
44239415,44242299,0,0,0,0,39,0,53382,584
44245666,44250468,0,0,0,0,39,0,78128,586
44005847,44147299,0,0,0,0,82,0,69016,587
36520813,44143423,0,0,0,0,82,0,84632,588
44120395,44136481,0,0,0,0,82,0,84641,589
60132869,60133762,0,0,0,0,1238,0,46876,59
44030594,44094497,0,0,0,0,177,0,100258,594
36065232,36699272,0,0,0,0,1240,0,53393,595
43850293,44021913,0,0,0,0,82,0,84630,596
32723761,44003391,0,0,0,0,82,0,78131,597
43990569,43991620,0,0,0,0,1243,0,69017,598
43981187,54920159,0,0,0,0,1244,0,69018,599
46365317,61320722,0,0,0,0,415,0,62496,6
43654787,60112609,0,0,0,0,1246,0,53393,60
30902906,44549464,0,0,0,0,178,0,69019,600
27597932,43762009,0,0,0,0,178,0,78130,601
43731301,43737524,0,0,0,0,178,0,53394,602
43694637,43706199,0,0,0,0,416,0,84636,606
43660562,45212781,0,0,0,0,40,0,84633,607
13272612,43616480,0,0,0,0,178,0,100267,608
13088770,43596486,0,0,0,0,179,0,62505,609
42058059,47222764,0,0,0,0,83,0,84638,610
40652012,43551312,0,0,0,0,179,0,100261,611
42449257,43536583,0,0,0,0,83,0,84644,612
15259139,24568056,0,0,0,0,1257,0,69002,613
45549449,46319137,0,0,0,0,179,0,78129,614
43515925,43518958,0,0,0,0,179,0,53390,615
43209809,43494631,0,0,0,0,84,0,84632,616
43480866,43481085,0,0,0,0,84,0,62496,617
43460760,43526149,0,0,0,0,40,0,69016,618
25258817,43343590,0,0,0,0,421,0,115882,619
30396755,60062217,0,0,0,0,180,0,84639,62
43337147,43383010,0,0,0,0,421,0,69021,620
19748205,43329230,0,0,0,0,180,0,84620,623
35651669,45709189,0,0,0,0,422,0,78127,625
43297797,43298666,0,0,0,0,422,0,84642,626
31471808,42499099,0,0,0,0,423,0,53394,627
43261430,43281803,0,0,0,0,181,0,100259,628
43275478,43293369,0,0,0,0,423,0,46871,629
60062311,60062827,0,0,0,0,181,0,69016,63
43189512,44551816,0,0,0,0,424,0,71074,630
42974231,43144245,0,0,0,0,182,0,80474,631
42771185,43046753,0,0,0,0,425,0,43754,632
26896087,47637321,0,0,0,0,425,0,78120,633
43000077,43002416,0,0,0,0,1277,0,53389,634
15670151,22381154,0,0,0,0,182,0,69014,636
42789833,42790422,0,0,0,0,41,0,84629,637
42763280,47523919,0,0,0,0,182,0,122649,639
59960252,59978973,0,0,0,0,427,0,90693,64
42695298,45923632,0,0,0,0,85,0,90718,640
42674516,42681880,0,0,0,0,1283,0,80660,641
42611836,56182271,0,0,0,0,183,0,70479,642
42578273,42596449,0,0,0,0,183,0,69428,643
42595256,42633156,0,0,0,0,428,0,62499,644
42587758,42588378,0,0,0,0,429,0,69015,645
30261383,42572023,0,0,0,0,184,0,53384,646
42524450,49924813,0,0,0,0,85,0,84641,647
42469003,42491624,0,0,0,0,430,0,78136,648
42426970,42461697,0,0,0,0,430,0,53390,649
59887908,59904916,0,0,0,0,184,0,69010,65
42304924,42446365,0,0,0,0,431,0,62514,650
41879049,42431720,0,0,0,0,41,0,69006,651
41088751,42387066,0,0,0,0,185,0,69006,652
32129191,42215523,0,0,0,0,185,0,93755,653
42105259,42242497,0,0,0,0,1298,0,58972,654
36335498,42208566,0,0,0,0,185,0,63853,655
21614443,30561889,0,0,0,0,185,0,62494,656
35799426,42115611,0,0,0,0,433,0,84647,658
42084356,42084833,0,0,0,0,1302,0,53394,659
59570555,59882916,0,0,0,0,434,0,62496,66
41925706,41936951,0,0,0,0,42,0,53394,660
24904683,41918861,0,0,0,0,186,0,69005,661
41723575,41909242,0,0,0,0,435,0,62515,662
41817623,41880973,0,0,0,0,87,0,69000,663
41783245,44398360,0,0,0,0,42,0,84642,664
41731684,41752268,0,0,0,0,187,0,46877,665
41699952,41739418,0,0,0,0,1310,0,69015,666
12394855,41730532,0,0,0,0,87,0,69008,667
26123516,41670314,0,0,0,0,437,0,78130,668
33442362,59212970,0,0,0,0,187,0,69011,669
58314023,59791480,0,0,0,0,42,0,84651,67
27787116,41634744,0,0,0,0,438,0,69004,670
41608294,41628450,0,0,0,0,42,0,62504,671
41597604,41616407,0,0,0,0,188,0,69016,672
41596273,41605723,0,0,0,0,42,0,69000,673
25905144,41589266,0,0,0,0,188,0,78128,674
41471757,41511191,0,0,0,0,440,0,84641,675
14882033,28025911,0,0,0,0,188,0,84640,676
33505541,59073241,0,0,0,0,188,0,69020,677
41133617,41190862,0,0,0,0,189,0,78118,678
33180058,43637981,0,0,0,0,189,0,100260,679
53245233,61275627,0,0,0,0,441,0,69019,68
13577918,41050532,0,0,0,0,189,0,69017,680
30671958,47804593,0,0,0,0,189,0,98385,681
40942717,40953151,0,0,0,0,88,0,71008,682
40819971,40831975,0,0,0,0,443,0,62509,683
36110331,40793506,0,0,0,0,1330,0,53385,684
40789601,40807266,0,0,0,0,190,0,62494,685
37924896,40787001,0,0,0,0,444,0,69020,686
40461380,40771358,0,0,0,0,444,0,69017,687
40689434,40713096,0,0,0,0,43,0,62492,688
40596609,40636032,0,0,0,0,190,0,100269,689
59716982,59718745,0,0,0,0,445,0,122399,69
9502003,60340491,0,0,0,0,445,0,78128,690
1975110,61855935,0,0,0,0,446,0,100265,691
22305023,40554479,0,0,0,0,191,0,135190,692
40538304,40551678,0,0,0,0,43,0,88690,693
37085732,40327657,0,0,0,0,89,0,72512,694
40250072,40250691,0,0,0,0,43,0,84639,695
32686195,54464295,0,0,0,0,89,0,69014,697
31796914,40225786,0,0,0,0,192,0,100260,698
38525383,56871943,0,0,0,0,448,0,78119,699
61798169,61876254,0,0,0,0,43,0,69018,7
59717301,59717624,0,0,0,0,43,0,53390,70
40182340,40185121,0,0,0,0,192,0,84621,701
30237310,40709975,0,0,0,0,192,0,62506,702
40120094,40143388,0,0,0,0,43,0,69024,703
40035067,40044958,0,0,0,0,193,0,69000,704
39993117,40102613,0,0,0,0,193,0,78128,705
15978985,47418127,0,0,0,0,451,0,84638,706
39808631,39832436,0,0,0,0,90,0,84641,707
34522732,55100069,0,0,0,0,43,0,100266,709
59639543,59653531,0,0,0,0,452,0,69009,71
32821369,39805798,0,0,0,0,193,0,84625,710
39779573,39792781,0,0,0,0,43,0,78129,711
39746947,39833768,0,0,0,0,43,0,84639,712
39694490,48286116,0,0,0,0,194,0,84637,713
39628872,39633863,0,0,0,0,453,0,69012,714
39623094,39642725,0,0,0,0,90,0,62504,715
25020788,39508831,0,0,0,0,1363,0,53383,716
25693082,39507618,0,0,0,0,194,0,69005,717
36033449,39507019,0,0,0,0,195,0,93753,718
34096162,61837438,0,0,0,0,195,0,69017,719
51699452,59584695,0,0,0,0,195,0,69013,72
50467457,56983105,0,0,0,0,44,0,84639,722
39420095,39690633,0,0,0,0,195,0,62500,723
36620585,39207125,0,0,0,0,457,0,69016,724
39176643,39195219,0,0,0,0,91,0,84635,725
12304963,39082724,0,0,0,0,457,0,69007,726
39024390,39171890,0,0,0,0,91,0,78127,727
39166027,39173002,0,0,0,0,44,0,84643,728
39128344,39150367,0,0,0,0,91,0,69015,729
57394946,60230468,0,0,0,0,196,0,182192,73
35699399,39042064,0,0,0,0,459,0,80617,730
39023962,39036198,0,0,0,0,459,0,100839,731
15703702,48307007,0,0,0,0,92,0,78614,732
39006840,39027770,0,0,0,0,197,0,82565,733
9503896,23045866,0,0,0,0,197,0,84652,734
38971260,38976959,0,0,0,0,1383,0,84634,735
36040542,38900293,0,0,0,0,92,0,84642,737
38559429,38900796,0,0,0,0,197,0,84633,738
59397169,59429703,0,0,0,0,462,0,78128,74
3810927,38895565,0,0,0,0,462,0,84640,740
38864458,38948553,0,0,0,0,463,0,119867,741
38861041,52478475,0,0,0,0,44,0,160805,742
30656846,44691580,0,0,0,0,198,0,110999,743
38822132,38823761,0,0,0,0,92,0,109768,744
38056641,38791517,0,0,0,0,92,0,69009,745
38782051,60423973,0,0,0,0,199,0,78128,746
38733571,38779478,0,0,0,0,1395,0,53396,747
38675292,38682488,0,0,0,0,1396,0,69006,748
38658033,38916875,0,0,0,0,45,0,62511,749
59408283,59413766,0,0,0,0,93,0,84632,75
38660467,38847645,0,0,0,0,199,0,69014,750
38639289,38640268,0,0,0,0,45,0,84629,751
38478139,38607045,0,0,0,0,93,0,78132,752
47651868,49120060,0,0,0,0,200,0,72422,755
38563885,54919400,0,0,0,0,467,0,81138,756
38540093,38541103,0,0,0,0,1404,0,62498,757
34764830,38534383,0,0,0,0,200,0,84640,758
38102921,38486163,0,0,0,0,45,0,69015,759
48651010,59396848,0,0,0,0,201,0,84642,76
31955051,38493318,0,0,0,0,201,0,71091,760
29601156,30047010,0,0,0,0,469,0,100911,761
38440350,38441722,0,0,0,0,201,0,69468,762
38372906,39330299,0,0,0,0,470,0,170896,763
28480625,38367392,0,0,0,0,201,0,90713,764
32181742,38335734,0,0,0,0,201,0,80571,765
38295777,38297989,0,0,0,0,471,0,80639,766
35525240,38277826,0,0,0,0,202,0,85092,767
38230957,38252013,0,0,0,0,94,0,69021,768
38197844,38242324,0,0,0,0,472,0,84630,769
59380554,59395052,0,0,0,0,94,0,78127,77
38177908,38223003,0,0,0,0,473,0,100269,770
38133485,38192010,0,0,0,0,202,0,69022,771
38169765,38289656,0,0,0,0,203,0,100260,772
38104901,38109623,0,0,0,0,474,0,115878,773
24881923,38101558,0,0,0,0,94,0,115891,774
28233561,57512813,0,0,0,0,1424,0,115092,775
27850123,53660703,0,0,0,0,475,0,79514,776
38036680,48211887,0,0,0,0,95,0,69019,777
37974317,38010031,0,0,0,0,475,0,62504,778
31815294,33702470,0,0,0,0,476,0,84638,779
59360232,59376487,0,0,0,0,204,0,69013,78
37878693,37881270,0,0,0,0,476,0,62497,780
34266186,37861578,0,0,0,0,477,0,84640,781
37800390,37817299,0,0,0,0,204,0,69014,782
37719503,37830819,0,0,0,0,46,0,69006,783
37714152,37715085,0,0,0,0,95,0,100262,784
21651978,37667335,0,0,0,0,205,0,46881,785
26449666,37651470,0,0,0,0,478,0,69011,787
49762128,51753158,0,0,0,0,46,0,78121,788
13812373,34221612,0,0,0,0,95,0,69018,789
27368770,59356541,0,0,0,0,46,0,66500,79
29736577,49181715,0,0,0,0,205,0,84639,790
36670065,37521669,0,0,0,0,205,0,62502,791
25340847,44486551,0,0,0,0,206,0,122404,792
28538161,37430604,0,0,0,0,206,0,62506,793
26269122,37418211,0,0,0,0,481,0,115886,794
37393329,37515454,0,0,0,0,96,0,94788,795
37274007,37349878,0,0,0,0,206,0,69456,796
37266143,37301838,0,0,0,0,1447,0,84638,797
37122216,37284287,0,0,0,0,206,0,100262,798
14023423,37273149,0,0,0,0,483,0,78121,799
43251214,61868853,0,0,0,0,96,0,73732,8
52606467,59248550,0,0,0,0,1451,0,64016,80
29593177,40966634,0,0,0,0,207,0,69004,800
37144856,37243338,0,0,0,0,207,0,62507,801
37193380,37200885,0,0,0,0,96,0,84648,802
37195322,37196854,0,0,0,0,1455,0,53371,803
19234796,37150889,0,0,0,0,46,0,132576,804
37059281,37071001,0,0,0,0,208,0,75000,805
37059404,42826234,0,0,0,0,47,0,84644,806
37011952,37023999,0,0,0,0,486,0,69011,807
36974450,36974742,0,0,0,0,97,0,78131,808
32544646,36969907,0,0,0,0,487,0,69017,809
59204544,59242628,0,0,0,0,97,0,69012,81
36936613,36953026,0,0,0,0,209,0,84627,810
36919953,36925855,0,0,0,0,488,0,46885,811
35973507,36865202,0,0,0,0,47,0,84633,812
37110555,37133471,0,0,0,0,97,0,62496,814
33925430,36897594,0,0,0,0,489,0,78127,815
36790376,36950037,0,0,0,0,47,0,69014,816
34213765,36817423,0,0,0,0,209,0,69017,818
36648502,36696948,0,0,0,0,210,0,100260,819
59159729,59197298,0,0,0,0,210,0,84628,82
36669528,36673576,0,0,0,0,47,0,78132,820
36651189,36652015,0,0,0,0,47,0,84639,821
34454034,36562894,0,0,0,0,491,0,53397,822
36478278,47519624,0,0,0,0,491,0,84629,823
36431158,36454567,0,0,0,0,492,0,100260,824
36260816,36277222,0,0,0,0,211,0,62513,825
34345945,36255181,0,0,0,0,492,0,69007,826
36238521,36249586,0,0,0,0,493,0,69006,827
36232684,36233318,0,0,0,0,47,0,78132,829
59184868,59192861,0,0,0,0,211,0,100261,83
36205419,36208785,0,0,0,0,98,0,69013,832
27953588,49570793,0,0,0,0,211,0,69016,833
36187931,51407129,0,0,0,0,98,0,115885,834
36094718,36141451,0,0,0,0,495,0,122021,835
35462144,36065327,0,0,0,0,212,0,90915,836
35866379,36014676,0,0,0,0,47,0,151195,839
59190193,59193797,0,0,0,0,99,0,90825,84
36041601,36043244,0,0,0,0,212,0,90743,840
33251264,36039309,0,0,0,0,99,0,84080,841
33858596,36034316,0,0,0,0,213,0,62494,842
36023558,36039026,0,0,0,0,497,0,53389,843
3165346,44595920,0,0,0,0,497,0,100262,844
35891062,35933702,0,0,0,0,213,0,69004,845
7227976,40802404,0,0,0,0,213,0,93750,846
35725156,35859083,0,0,0,0,498,0,78044,848
35834739,35835597,0,0,0,0,499,0,100270,849
59153010,59187457,0,0,0,0,99,0,69018,85
35614425,35711655,0,0,0,0,500,0,78130,850
34158723,35677857,0,0,0,0,48,0,84639,851
34896004,35660588,0,0,0,0,500,0,69014,852
35585428,35637012,0,0,0,0,501,0,84637,853
45824409,45826042,0,0,0,0,100,0,84635,854
35330207,35471802,0,0,0,0,48,0,115897,855
28384164,35443537,0,0,0,0,215,0,84630,856
35439914,35440235,0,0,0,0,100,0,100267,857
2331070,35434760,0,0,0,0,215,0,93753,858
35432923,35443059,0,0,0,0,1509,0,69017,859
59119580,59158870,0,0,0,0,215,0,100261,86
30116606,35454277,0,0,0,0,503,0,84640,860
34433063,35353464,0,0,0,0,504,0,87730,861
35381180,48263456,0,0,0,0,216,0,81139,862
35359622,35452191,0,0,0,0,504,0,46877,863
35322815,35324848,0,0,0,0,1515,0,84636,864
35306306,35319824,0,0,0,0,1516,0,53388,865
31092005,35266730,0,0,0,0,216,0,93753,866
3386850,35215579,0,0,0,0,101,0,69012,867
35224338,35234038,0,0,0,0,49,0,84639,868
35126517,35155603,0,0,0,0,506,0,84638,869
59113457,59117165,0,0,0,0,49,0,84638,87
35075215,35118287,0,0,0,0,217,0,78119,870
35040579,35056668,0,0,0,0,217,0,69019,871
35025145,43131595,0,0,0,0,217,0,69018,872
34994790,35006572,0,0,0,0,508,0,69014,873
33015823,34983149,0,0,0,0,508,0,46881,874
34973314,34994503,0,0,0,0,101,0,84629,875
34898222,34903368,0,0,0,0,49,0,84640,876
32206623,34939054,0,0,0,0,509,0,84641,877
32999460,51118608,0,0,0,0,218,0,62496,878
34704733,35491015,0,0,0,0,102,0,84643,879
58890738,59047386,0,0,0,0,102,0,69012,88
34389797,34711685,0,0,0,0,49,0,84644,880
13167531,39446852,0,0,0,0,102,0,84629,882
32724775,34667618,0,0,0,0,219,0,62508,883
34619117,34631794,0,0,0,0,219,0,84634,884
23309687,49146550,0,0,0,0,102,0,69013,887
33530066,34579494,0,0,0,0,219,0,78122,888
34508834,34514683,0,0,0,0,1539,0,53388,889
31388329,34413137,0,0,0,0,102,0,84647,890
25829504,34365360,0,0,0,0,220,0,69006,891
22009871,34328105,0,0,0,0,102,0,62503,892
26177565,35444968,0,0,0,0,102,0,69021,893
14563531,40878660,0,0,0,0,220,0,69006,894
34286905,45206286,0,0,0,0,515,0,62506,895
34213315,34245295,0,0,0,0,49,0,69021,896
34244210,38942118,0,0,0,0,103,0,69011,897
32018521,32830382,0,0,0,0,221,0,100263,898
34230391,34694775,0,0,0,0,103,0,78131,899
61783029,61793558,0,0,0,0,1550,0,69013,9
28979857,34214859,0,0,0,0,103,0,53384,900
3480222,36073503,0,0,0,0,1552,0,62509,901
33920330,34061912,0,0,0,0,221,0,84632,902
34001333,34018634,0,0,0,0,222,0,53380,903
19054092,33989595,0,0,0,0,103,0,93752,904
19439689,33945984,0,0,0,0,222,0,53393,905
33890896,39614235,0,0,0,0,519,0,69009,906
33784656,33877410,0,0,0,0,222,0,62495,907
33787624,33789627,0,0,0,0,222,0,84638,908
26796829,33775239,0,0,0,0,520,0,84632,909
33748871,33750235,0,0,0,0,50,0,69013,910
33707796,33733102,0,0,0,0,104,0,84627,911
32624120,33694457,0,0,0,0,521,0,62504,912
23528862,59199273,0,0,0,0,223,0,84641,913
33597728,33613830,0,0,0,0,104,0,84635,914
33574457,33609538,0,0,0,0,522,0,62496,917
9315258,16824544,0,0,0,0,104,0,84642,918
32257970,33983298,0,0,0,0,522,0,84634,919
33555002,34591487,0,0,0,0,50,0,69018,920
33419325,33473107,0,0,0,0,224,0,69013,921
33447901,33472328,0,0,0,0,50,0,78133,922
31365768,33400250,0,0,0,0,104,0,95013,923
33346823,40691773,0,0,0,0,50,0,110896,927
26497751,38052325,0,0,0,0,105,0,171652,928
33263759,33284951,0,0,0,0,105,0,100951,929
33127122,33352251,0,0,0,0,225,0,142031,930
31286965,33262480,0,0,0,0,225,0,98765,931
33237264,33898937,0,0,0,0,1579,0,62474,932
24705431,60151766,0,0,0,0,526,0,101060,933
33027611,35214044,0,0,0,0,225,0,74994,934
33117997,33143257,0,0,0,0,226,0,84636,935
25755930,31220586,0,0,0,0,51,0,62497,936
32885570,32902971,0,0,0,0,528,0,69017,937
12907198,32883453,0,0,0,0,1585,0,53398,938
16947431,32803727,0,0,0,0,528,0,100256,939
58993738,59006401,0,0,0,0,226,0,62495,94
32773617,56137091,0,0,0,0,529,0,69020,940
32721789,32736335,0,0,0,0,529,0,84634,941
21045866,28201587,0,0,0,0,106,0,67244,942
32575397,33306592,0,0,0,0,106,0,117635,943
26580129,32571956,0,0,0,0,227,0,157464,944
32558568,32563243,0,0,0,0,531,0,100924,945
52276088,53117396,0,0,0,0,51,0,70801,946
22305444,32492667,0,0,0,0,106,0,80625,948
31381066,32411080,0,0,0,0,106,0,79527,949
58938992,58957189,0,0,0,0,228,0,84640,95
6316459,32398127,0,0,0,0,1598,0,62495,950
31861569,56622368,0,0,0,0,228,0,69016,952
32350891,32351780,0,0,0,0,106,0,69013,953
49440262,52649215,0,0,0,0,228,0,62497,956
32219451,32226508,0,0,0,0,228,0,69012,957
4794859,32206608,0,0,0,0,106,0,69020,958
32193413,32194070,0,0,0,0,534,0,131510,959
58878544,58915458,0,0,0,0,107,0,190952,96
31690007,42151880,0,0,0,0,535,0,121080,960
32106333,60661723,0,0,0,0,229,0,68564,961
32092458,33318391,0,0,0,0,229,0,81531,962
32007115,32034222,0,0,0,0,229,0,69002,963
31930616,32031432,0,0,0,0,536,0,62505,964
31979189,51944709,0,0,0,0,537,0,69024,965
31949659,31950166,0,0,0,0,107,0,69016,966
31925595,31947700,0,0,0,0,537,0,78127,967
31947727,31994387,0,0,0,0,107,0,100264,968
28034091,31859911,0,0,0,0,230,0,69015,969
58627988,58906457,0,0,0,0,230,0,84634,97
31923107,31938512,0,0,0,0,231,0,69004,970
31142280,32912268,0,0,0,0,539,0,78129,971
31868370,31900708,0,0,0,0,107,0,84637,972
31837419,31842356,0,0,0,0,540,0,69022,973
9506442,58504930,0,0,0,0,108,0,84635,976
31752889,31754530,0,0,0,0,540,0,62499,977
27779667,31729775,0,0,0,0,231,0,69021,978
31538038,31585708,0,0,0,0,52,0,69015,979
36368712,58859811,0,0,0,0,232,0,84626,98
31045512,31564834,0,0,0,0,108,0,78128,980
27135962,54426523,0,0,0,0,108,0,84647,981
31485858,31489749,0,0,0,0,52,0,100263,982
28634345,31433840,0,0,0,0,543,0,69008,983
31394755,31395435,0,0,0,0,232,0,46872,984
28987622,47663131,0,0,0,0,233,0,100274,986
30560405,31347470,0,0,0,0,108,0,69015,987
31268826,31301694,0,0,0,0,108,0,69015,988
31288513,31289164,0,0,0,0,108,0,84640,989
58798091,58802355,0,0,0,0,233,0,93752,99
30159041,31259932,0,0,0,0,233,0,69013,990
31075826,31221471,0,0,0,0,52,0,100262,991
30643213,31220677,0,0,0,0,546,0,80134,992
31178704,31213349,0,0,0,0,52,0,63949,993
24845909,52559455,0,0,0,0,234,0,84628,994
31184918,32601252,0,0,0,0,234,0,78128,995
30971258,31094538,0,0,0,0,547,0,84643,996
31089205,31092962,0,0,0,0,53,0,115887,997
9555889,58591852,0,0,0,0,1644,0,84661,998
31044922,31057192,0,0,0,0,235,0,53862,999
,,,,,,,,,
,,,,,,,,,
,,,,,,,,,
,,,,,,,,,
,,,,,,,,,
,,,,,,107,,95972996,
,,,,,,200.9776536,,,
